outcome,model,quantity,term,spss,python,abs_diff,rel_diff
CJARS_ss,A_unadjusted,-2 Restricted Log Likelihood,,782.35837876966,782.3583787696593,6.821210263296962e-13,8.718779587973512e-16
CJARS_ss,B_verbal_adjusted,-2 Restricted Log Likelihood,,768.68461370124,768.6846137012316,8.412825991399586e-12,1.0944444368271626e-14
CJARS_ps,A_unadjusted,-2 Restricted Log Likelihood,,1027.6278385795,1027.6278385795165,1.659827830735594e-11,1.6152032559082775e-14
CJARS_ps,B_verbal_adjusted,-2 Restricted Log Likelihood,,1014.8761204027,1014.8761204026532,4.6838977141305804e-11,4.615240835770205e-14
CJARS_sjas,A_unadjusted,-2 Restricted Log Likelihood,,294.33099025258,294.33099025258275,2.7284841053187847e-12,9.270121719012114e-15
CJARS_sjas,B_verbal_adjusted,-2 Restricted Log Likelihood,,285.39630666601,285.39630666601056,5.684341886080801e-13,1.9917363165925624e-15
BS_RJA,A_unadjusted,-2 Restricted Log Likelihood,,575.66634658491,575.6663465849102,2.2737367544323206e-13,3.949747571524832e-16
BS_RJA,B_verbal_adjusted,-2 Restricted Log Likelihood,,570.11074810317,570.1107481031713,1.3642420526593924e-12,2.3929421734257722e-15
BS_IJA,A_unadjusted,-2 Restricted Log Likelihood,,797.20600878701,797.2060087870037,6.252776074688882e-12,7.843362952322452e-15
BS_IJA,B_verbal_adjusted,-2 Restricted Log Likelihood,,788.33905011128,788.3390501112765,3.524291969370097e-12,4.470528218629556e-15
BS_EC,A_unadjusted,-2 Restricted Log Likelihood,,628.04020968867,628.0402096886734,3.410605131648481e-12,5.4305521828597165e-15
BS_EC,B_verbal_adjusted,-2 Restricted Log Likelihood,,624.60366850612,624.6036685061222,2.1600499167107046e-12,3.4582728626569695e-15
BS_FL,A_unadjusted,-2 Restricted Log Likelihood,,457.93727558339,457.9372755833997,9.72022462519817e-12,2.122610484768918e-14
BS_FL,B_verbal_adjusted,-2 Restricted Log Likelihood,,457.24965604065,457.2496560406449,5.115907697472721e-12,1.1188434217253761e-14
BS_T,A_unadjusted,-2 Restricted Log Likelihood,,850.51877416886,850.5187741688637,3.751665644813329e-12,4.4110321356274756e-15
BS_T,B_verbal_adjusted,-2 Restricted Log Likelihood,,840.9206920493,840.9206920492998,2.2737367544323206e-13,2.703865865033346e-16
JAST_arja,A_unadjusted,-2 Restricted Log Likelihood,,231.36657660587,231.36657660586488,5.115907697472721e-12,2.211169725775735e-14
JAST_arja,B_verbal_adjusted,-2 Restricted Log Likelihood,,229.15413453812,229.15413453811755,2.4442670110147446e-12,1.0666475714878009e-14
JAST_aija,A_unadjusted,-2 Restricted Log Likelihood,,325.33757190735,325.3375719073487,1.3073986337985843e-12,4.018590985768181e-15
JAST_aija,B_verbal_adjusted,-2 Restricted Log Likelihood,,322.9515162137,322.9515162136961,3.922195901395753e-12,1.2144844363574376e-14
GARS_rr,A_unadjusted,-2 Restricted Log Likelihood,,692.62973759562,692.6297375956058,1.4210854715202004e-11,2.051724600294128e-14
GARS_rr,B_verbal_adjusted,-2 Restricted Log Likelihood,,679.17883021442,679.1788302144141,5.9117155615240335e-12,8.704210582738093e-15
GARS_si,A_unadjusted,-2 Restricted Log Likelihood,,677.4653836434,677.4653836434086,8.640199666842818e-12,1.2753713880369707e-14
GARS_si,B_verbal_adjusted,-2 Restricted Log Likelihood,,664.5046891211,664.5046891210969,3.069544618483633e-12,4.6192971528064504e-15
GARS_sc,A_unadjusted,-2 Restricted Log Likelihood,,561.27400856923,561.2740085692878,5.786660040030256e-11,1.0309866396238985e-13
GARS_sc,B_verbal_adjusted,-2 Restricted Log Likelihood,,553.24011435531,553.240114355298,1.1937117960769683e-11,2.1576739739272145e-14
GARS_er,A_unadjusted,-2 Restricted Log Likelihood,,653.21426527824,653.2142652782258,1.4210854715202004e-11,2.1755273071308106e-14
GARS_er,B_verbal_adjusted,-2 Restricted Log Likelihood,,640.18322540545,640.1832254054442,5.7980287238024175e-12,9.056827004691239e-15
ACSF_tp,A_unadjusted,-2 Restricted Log Likelihood,,185.54010380789,185.54010380789265,2.6432189770275727e-12,1.424607900276043e-14
ACSF_tp,B_verbal_adjusted,-2 Restricted Log Likelihood,,166.66888712902,166.66888712901806,1.9326762412674725e-12,1.1595902958009008e-14
ACSF_cc,A_unadjusted,-2 Restricted Log Likelihood,,204.69187898127,204.69187898126285,7.16227077646181e-12,3.499049797240457e-14
ACSF_cc,B_verbal_adjusted,-2 Restricted Log Likelihood,,194.58259041859,194.58259041859267,2.6716406864579767e-12,1.3730111623607689e-14
CJARS_ss,A_unadjusted,omnibus Group x Time F,group*time,8.7119941980651,8.711993708039046,4.90026053512338e-07,5.624728878046899e-08
CJARS_ss,A_unadjusted,omnibus denominator df,group*time,75.588336150407,75.59095558628168,0.0026194358746778335,3.4653969224373904e-05
CJARS_ss,B_verbal_adjusted,omnibus Group x Time F,group*time,8.7617421866626,8.76174227873227,9.206966922192805e-08,1.0508146354965729e-08
CJARS_ss,B_verbal_adjusted,omnibus denominator df,group*time,76.308198740472,76.30959321630722,0.0013944758352266717,1.8274259624045825e-05
CJARS_ps,A_unadjusted,omnibus Group x Time F,group*time,10.133012968042,10.13301205220215,9.158398501796228e-07,9.038179000343175e-08
CJARS_ps,A_unadjusted,omnibus denominator df,group*time,76.852946872425,76.85566852975077,0.0027216573257788923,3.5413831694662434e-05
CJARS_ps,B_verbal_adjusted,omnibus Group x Time F,group*time,10.167112094513,10.167112522076216,4.275632168315724e-07,4.205355590230192e-08
CJARS_ps,B_verbal_adjusted,omnibus denominator df,group*time,77.360022824897,77.36415564735884,0.004132822461841101,5.3423232193140244e-05
CJARS_sjas,A_unadjusted,omnibus Group x Time F,group*time,11.521451608008,11.521451850809278,2.428012777500044e-07,2.1073844339305736e-08
CJARS_sjas,A_unadjusted,omnibus denominator df,group*time,76.215825088395,76.2157571352532,6.795314179441903e-05,8.915883507868225e-07
CJARS_sjas,B_verbal_adjusted,omnibus Group x Time F,group*time,11.563756114006,11.563756015364913,9.864108818646855e-08,8.530194446681096e-09
CJARS_sjas,B_verbal_adjusted,omnibus denominator df,group*time,76.833702559391,76.83217263037648,0.0015299290145236455,1.9912212526020588e-05
BS_RJA,A_unadjusted,omnibus Group x Time F,group*time,2.0973556489666,2.097355663521181,1.4554581095893582e-08,6.939491212691969e-09
BS_RJA,A_unadjusted,omnibus denominator df,group*time,75.159811828524,75.15799435667023,0.001817471853769348,2.4181431666112778e-05
BS_RJA,B_verbal_adjusted,omnibus Group x Time F,group*time,2.1370152850832,2.137015179116468,1.0596673183371763e-07,4.9586323772874675e-08
BS_RJA,B_verbal_adjusted,omnibus denominator df,group*time,75.104365351036,75.10330273826969,0.0010626127663044826,1.4148482066759452e-05
BS_IJA,A_unadjusted,omnibus Group x Time F,group*time,0.35044035743128,0.3504403514621826,5.9690973830406335e-09,1.7033133474677357e-08
BS_IJA,A_unadjusted,omnibus denominator df,group*time,74.09956293192,74.10107527030688,0.0015123383868740348,2.0409545306812625e-05
BS_IJA,B_verbal_adjusted,omnibus Group x Time F,group*time,0.36396471113841,0.3639647077008394,3.4375706170486353e-09,9.44479096969756e-09
BS_IJA,B_verbal_adjusted,omnibus denominator df,group*time,74.149671378083,74.15128372768979,0.0016123496067876886,2.1744528017750102e-05
BS_EC,A_unadjusted,omnibus Group x Time F,group*time,0.20468987172526,0.2046898736699722,1.944712224588585e-09,9.50077406467296e-09
BS_EC,A_unadjusted,omnibus denominator df,group*time,74.513613306791,74.51307739757189,0.0005359092191099535,7.192098132504761e-06
BS_EC,B_verbal_adjusted,omnibus Group x Time F,group*time,0.19653156527625,0.1965315681533212,2.8770712201531268e-09,1.4639232207350708e-08
BS_EC,B_verbal_adjusted,omnibus denominator df,group*time,74.542856913099,74.54211159855782,0.0007453145411773221,9.998470303414842e-06
BS_FL,A_unadjusted,omnibus Group x Time F,group*time,0.42566029820404,0.4256602945599479,3.6440920836433577e-09,8.5610335260738e-09
BS_FL,A_unadjusted,omnibus denominator df,group*time,76.491118346845,76.49027190227491,0.0008464445700866463,1.1065919656821952e-05
BS_FL,B_verbal_adjusted,omnibus Group x Time F,group*time,0.41917868104951,0.4191786824991048,1.4495947775472473e-09,3.458178679120451e-09
BS_FL,B_verbal_adjusted,omnibus denominator df,group*time,76.309881278173,76.3063064914852,0.0035747866877926526,4.684565914552344e-05
BS_T,A_unadjusted,omnibus Group x Time F,group*time,0.42911724732307,0.4291172449646143,2.3584557085065683e-09,5.496063659102835e-09
BS_T,A_unadjusted,omnibus denominator df,group*time,74.966192415554,74.96601740402856,0.0001750115254424145,2.3345393410443914e-06
BS_T,B_verbal_adjusted,omnibus Group x Time F,group*time,0.44856070860168,0.4485606953401952,1.3261484799187429e-08,2.9564526149711364e-08
BS_T,B_verbal_adjusted,omnibus denominator df,group*time,75.038277444301,75.03650841854127,0.0017690257597280379,2.3574978264141797e-05
JAST_arja,A_unadjusted,omnibus Group x Time F,group*time,7.526596404529,7.5265962338677745,1.7066122559583619e-07,2.2674422331605786e-08
JAST_arja,A_unadjusted,omnibus denominator df,group*time,74.423772084196,74.42355812532392,0.00021395887208086606,2.8748727199531522e-06
JAST_arja,B_verbal_adjusted,omnibus Group x Time F,group*time,7.5806199174292,7.5806199586485565,4.121935681666855e-08,5.43746517641623e-09
JAST_arja,B_verbal_adjusted,omnibus denominator df,group*time,74.220754859605,74.22039842220184,0.0003564374031554962,4.8023952845767805e-06
JAST_aija,A_unadjusted,omnibus Group x Time F,group*time,11.494405370936,11.494405109862882,2.6107311867917815e-07,2.271305998475663e-08
JAST_aija,A_unadjusted,omnibus denominator df,group*time,74.447060320853,74.44599455833284,0.0010657625201559995,1.431570992276607e-05
JAST_aija,B_verbal_adjusted,omnibus Group x Time F,group*time,11.555271834807,11.555271893336435,5.852943552042689e-08,5.065171668581907e-09
JAST_aija,B_verbal_adjusted,omnibus denominator df,group*time,74.309836963443,74.30895999776311,0.0008769656798932601,1.1801474955794703e-05
GARS_rr,A_unadjusted,omnibus Group x Time F,group*time,16.278305269292,16.278305666587244,3.9729524203835354e-07,2.4406425329043683e-08
GARS_rr,A_unadjusted,omnibus denominator df,group*time,77.142349958003,77.14368104064127,0.0013310826382735286,1.725488838489082e-05
GARS_rr,B_verbal_adjusted,omnibus Group x Time F,group*time,16.299820902213,16.29982148176836,5.795553619236671e-07,3.5555934350479995e-08
GARS_rr,B_verbal_adjusted,omnibus denominator df,group*time,77.616803001582,77.61681715849977,1.4156917771401822e-05,1.8239501272827835e-07
GARS_si,A_unadjusted,omnibus Group x Time F,group*time,12.321375875641,12.321375994524274,1.1888327478004612e-07,9.648538927789298e-09
GARS_si,A_unadjusted,omnibus denominator df,group*time,75.61417798967,75.61556107747215,0.0013830878021536819,1.829138184035581e-05
GARS_si,B_verbal_adjusted,omnibus Group x Time F,group*time,12.322072551601,12.32207247123893,8.03620707756636e-08,6.521798215286616e-09
GARS_si,B_verbal_adjusted,omnibus denominator df,group*time,76.028891335517,76.02958422020863,0.0006928846916309794,9.113439371005235e-06
GARS_sc,A_unadjusted,omnibus Group x Time F,group*time,5.1642784487483,5.1642786109783,1.622300001002941e-07,3.141387547366173e-08
GARS_sc,A_unadjusted,omnibus denominator df,group*time,76.963196202688,76.96491614191284,0.0017199392248414824,2.2347554541678613e-05
GARS_sc,B_verbal_adjusted,omnibus Group x Time F,group*time,5.1693355656277,5.169335723091565,1.5746386505810506e-07,3.04611420672948e-08
GARS_sc,B_verbal_adjusted,omnibus denominator df,group*time,77.097933380967,77.09843532356184,0.0005019425948376011,6.5104545974965715e-06
GARS_er,A_unadjusted,omnibus Group x Time F,group*time,29.453621703887,29.4536212171257,4.867612979353453e-07,1.6526364833127034e-08
GARS_er,A_unadjusted,omnibus denominator df,group*time,76.678636795961,76.6796727256573,0.0010359296963002862,1.3510017125850276e-05
GARS_er,B_verbal_adjusted,omnibus Group x Time F,group*time,29.605639309201,29.605640006084,6.968829993070358e-07,2.353886001341828e-08
GARS_er,B_verbal_adjusted,omnibus denominator df,group*time,77.11703149498,77.11811326053372,0.0010817655537209703,1.4027582918455423e-05
ACSF_tp,A_unadjusted,omnibus Group x Time F,group*time,2.2367737123875,2.2367737393789278,2.6991427759526232e-08,1.2067124899601923e-08
ACSF_tp,A_unadjusted,omnibus denominator df,group*time,75.980294118677,75.98050455150069,0.00021043282369248573,2.7695710596197662e-06
ACSF_tp,B_verbal_adjusted,omnibus Group x Time F,group*time,2.2651790278871,2.265178939787946,8.809915419405456e-08,3.8892799690199836e-08
ACSF_tp,B_verbal_adjusted,omnibus denominator df,group*time,76.953928987655,76.953994415075,6.5427419997377e-05,8.502154582370045e-07
ACSF_cc,A_unadjusted,omnibus Group x Time F,group*time,7.1955134740023,7.195513496651572,2.264927267958683e-08,3.1476937346333415e-09
ACSF_cc,A_unadjusted,omnibus denominator df,group*time,76.138558544036,76.13885995241648,0.00030140838047998386,3.958682515714549e-06
ACSF_cc,B_verbal_adjusted,omnibus Group x Time F,group*time,7.2043680257618,7.20436807412149,4.835968958616377e-08,6.71255124852539e-09
ACSF_cc,B_verbal_adjusted,omnibus denominator df,group*time,76.896396067753,76.89637025708113,2.581067187179542e-05,3.3565515670011083e-07
CJARS_ss,B_verbal_adjusted,verbal coefficient,verbal,-7.9637432475473,-7.963743262080918,1.453361786474261e-08,1.8249731832098833e-09
CJARS_ss,B_verbal_adjusted,verbal SE,verbal,2.3961385460276,2.3961386022278,5.6200200049261184e-08,2.34544868628034e-08
CJARS_ss,B_verbal_adjusted,verbal df (Satterthwaite),verbal,39.3633224429,39.36463579668243,0.0013133537824288055,3.336491182455297e-05
CJARS_ps,B_verbal_adjusted,verbal coefficient,verbal,20.0986591564,20.098659208778525,5.237852462869341e-08,2.6060705951130356e-09
CJARS_ps,B_verbal_adjusted,verbal SE,verbal,7.4374640201735,7.437464344219167,3.2404566763233333e-07,4.356937616819208e-08
CJARS_ps,B_verbal_adjusted,verbal df (Satterthwaite),verbal,40.420116504508,40.42729546160452,0.007178957096520833,0.00017760852064145272
CJARS_sjas,B_verbal_adjusted,verbal coefficient,verbal,1.036601460899,1.0366014615851715,6.861715640127386e-10,6.619434661201919e-10
CJARS_sjas,B_verbal_adjusted,verbal SE,verbal,0.325152498328,0.3251525041768185,5.848818540599154e-09,1.798792434526865e-08
CJARS_sjas,B_verbal_adjusted,verbal df (Satterthwaite),verbal,39.890384886333,39.8913342548977,0.0009493685646972949,2.379943355779858e-05
BS_RJA,B_verbal_adjusted,verbal coefficient,verbal,1.5714995572073,1.5714995575192503,3.1195024341457156e-10,1.9850482425138953e-10
BS_RJA,B_verbal_adjusted,verbal SE,verbal,0.74408718370837,0.7440871920392165,8.33084645712745e-09,1.1196062288841353e-08
BS_RJA,B_verbal_adjusted,verbal df (Satterthwaite),verbal,37.656473098981,37.65780932924085,0.0013362302598451947,3.5484742724919545e-05
BS_IJA,B_verbal_adjusted,verbal coefficient,verbal,5.4314862927362,5.431486290473039,2.263161213988951e-09,4.166743856125699e-10
BS_IJA,B_verbal_adjusted,verbal SE,verbal,2.2903600695179,2.2903600173805314,5.2137368644622484e-08,2.2763830603978755e-08
BS_IJA,B_verbal_adjusted,verbal df (Satterthwaite),verbal,37.172891923373,37.17840329606637,0.005511372693369765,0.00014826322107870248
BS_EC,B_verbal_adjusted,verbal coefficient,verbal,-1.2967195493597,-1.2967195492090746,1.5062529001852454e-10,1.1615872537195956e-10
BS_EC,B_verbal_adjusted,verbal SE,verbal,1.0732846073699,1.0732845926385728,1.4731327269146277e-08,1.3725462163522138e-08
BS_EC,B_verbal_adjusted,verbal df (Satterthwaite),verbal,37.490887883771,37.494776488683634,0.0038886049126318767,0.00010372133422626062
BS_FL,B_verbal_adjusted,verbal coefficient,verbal,0.33198450573375,0.3319845060346729,3.0092289771133096e-10,9.06436573135343e-10
BS_FL,B_verbal_adjusted,verbal SE,verbal,0.39610676059273,0.3961067572144173,3.3783126851538725e-09,8.528793298298169e-09
BS_FL,B_verbal_adjusted,verbal df (Satterthwaite),verbal,38.35905623279,38.3651908713263,0.006134638536295256,0.00015992673279201426
BS_T,B_verbal_adjusted,verbal coefficient,verbal,6.0149696618519,6.014969661576941,2.7495961063550567e-10,4.571255153277874e-11
BS_T,B_verbal_adjusted,verbal SE,verbal,2.3843917040654,2.3843916650768877,3.89885124185696e-08,1.6351555137561493e-08
BS_T,B_verbal_adjusted,verbal df (Satterthwaite),verbal,37.41859411701,37.43045139928567,0.0118572822756704,0.0003168820891183679
JAST_arja,B_verbal_adjusted,verbal coefficient,verbal,0.39852729650943,0.398527296551348,4.191802460695726e-11,1.0518231743246575e-10
JAST_arja,B_verbal_adjusted,verbal SE,verbal,0.210658960116,0.2106589588387799,1.2772201074540135e-09,6.062975468742029e-09
JAST_arja,B_verbal_adjusted,verbal df (Satterthwaite),verbal,37.497999252401,37.49931409606567,0.0013148436646659434,3.506436852312204e-05
JAST_aija,B_verbal_adjusted,verbal coefficient,verbal,0.52320101023719,0.5232010101365177,1.006723593377501e-10,1.9241621741538857e-10
JAST_aija,B_verbal_adjusted,verbal SE,verbal,0.30239072194761,0.3023907235922827,1.6446726758267971e-09,5.4388992665976735e-09
JAST_aija,B_verbal_adjusted,verbal df (Satterthwaite),verbal,37.462886838291,37.46299454344167,0.00010770515066838016,2.8749826764096085e-06
GARS_rr,B_verbal_adjusted,verbal coefficient,verbal,-5.6331808575745,-5.633180861084443,3.5099434469998414e-09,6.23083748905433e-10
GARS_rr,B_verbal_adjusted,verbal SE,verbal,1.6413635023544,1.6413635281463788,2.579197877494721e-08,1.5713751852012523e-08
GARS_rr,B_verbal_adjusted,verbal df (Satterthwaite),verbal,40.672305492991,40.67534306451736,0.0030375715263559755,7.46840261336903e-05
GARS_si,B_verbal_adjusted,verbal coefficient,verbal,-6.1256977579303,-6.125697751231502,6.698797960780212e-09,1.0935567221069599e-09
GARS_si,B_verbal_adjusted,verbal SE,verbal,1.8613914720492,1.8613914362635295,3.578567042694658e-08,1.922522530284844e-08
GARS_si,B_verbal_adjusted,verbal df (Satterthwaite),verbal,39.096774021491,39.09904490054471,0.002270879053710928,5.808354040828674e-05
GARS_sc,B_verbal_adjusted,verbal coefficient,verbal,-2.9315986777155,-2.931598678377714,6.622142834089573e-10,2.2588845070874417e-10
GARS_sc,B_verbal_adjusted,verbal SE,verbal,1.1819107059372,1.181910711051486,5.114285883678349e-09,4.327133901053006e-09
GARS_sc,B_verbal_adjusted,verbal df (Satterthwaite),verbal,40.154335294274,40.15658113611294,0.002245841838941942,5.5930245700324135e-05
GARS_er,B_verbal_adjusted,verbal coefficient,verbal,-5.0006141983046,-5.000614198943046,6.384457407193622e-10,1.2767346477875055e-10
GARS_er,B_verbal_adjusted,verbal SE,verbal,1.4737304562359,1.4737304454414764,1.07944235772095e-08,7.324557575324776e-09
GARS_er,B_verbal_adjusted,verbal df (Satterthwaite),verbal,40.174566472262,40.17605131356575,0.0014848413037498176,3.695973433279004e-05
ACSF_tp,B_verbal_adjusted,verbal coefficient,verbal,-0.90188818106752,-0.9018881803588112,7.087087583457219e-10,7.858055723791155e-10
ACSF_tp,B_verbal_adjusted,verbal SE,verbal,0.17869606931208,0.1786960696774409,3.653608804388142e-10,2.0445938281985224e-09
ACSF_tp,B_verbal_adjusted,verbal df (Satterthwaite),verbal,39.999120001932,40.00010199473691,0.000981992804909737,2.4550360229482695e-05
ACSF_cc,B_verbal_adjusted,verbal coefficient,verbal,-0.74018280673629,-0.7401828069692535,2.3296353734991726e-10,3.147378393955546e-10
ACSF_cc,B_verbal_adjusted,verbal SE,verbal,0.20758427653898,0.2075842771835475,6.445674827215697e-10,3.105088176562994e-09
ACSF_cc,B_verbal_adjusted,verbal df (Satterthwaite),verbal,39.947468456772,39.94880986754017,0.0013414107681697374,3.357936860558026e-05
CJARS_ss,A_unadjusted,EMM contrast estimate,group diff at T1,0.49567099567104,0.4956709956710081,3.191891195797325e-14,6.439535949599268e-14
CJARS_ss,A_unadjusted,EMM contrast SE,group diff at T1,2.6726409821084,2.672641003307835,2.1199435096264097e-08,7.932017520565082e-09
CJARS_ss,A_unadjusted,EMM contrast df (Satterthwaite),group diff at T1,51.965236834342,51.97035092326607,0.005114088924067062,9.84136556592645e-05
CJARS_ss,A_unadjusted,EMM contrast p,group diff at T1,0.85358937853473,0.8535893088176988,6.971703125913109e-08,8.167513913868894e-08
CJARS_ss,A_unadjusted,EMM contrast CI lower,group diff at T1,-4.8674608908613,-4.86744836287049,1.2527990810085043e-05,2.5738246471803104e-06
CJARS_ss,A_unadjusted,EMM contrast CI upper,group diff at T1,5.8588028822033,5.858790354212506,1.2527990793209653e-05,2.1383192172695687e-06
CJARS_ss,A_unadjusted,EMM contrast estimate,group diff at T2,-5.9552029932321,-5.955202989686796,3.5453036062449428e-09,5.953287587801908e-10
CJARS_ss,A_unadjusted,EMM contrast SE,group diff at T2,2.7076114406742,2.707611463389896,2.2715695990882523e-08,8.389570102136323e-09
CJARS_ss,A_unadjusted,EMM contrast df (Satterthwaite),group diff at T2,54.271513534656,54.27682768462488,0.005314149968874915,9.791785087182935e-05
CJARS_ss,A_unadjusted,EMM contrast p,group diff at T2,0.032126739431667,0.0321263146812077,4.2475045930467914e-07,1.3221088315174832e-05
CJARS_ss,A_unadjusted,EMM contrast CI lower,group diff at T2,-11.38301518571,-11.38300311902152,1.2066688480416587e-05,1.0600608260248003e-06
CJARS_ss,A_unadjusted,EMM contrast CI upper,group diff at T2,-0.52739080075399,-0.52740286035207,1.2059598079927625e-05,2.2866530972262863e-05
CJARS_ss,A_unadjusted,EMM contrast estimate,group diff at T3,-5.9382532635909,-5.93825325966495,3.925949343397406e-09,6.611286466120441e-10
CJARS_ss,A_unadjusted,EMM contrast SE,group diff at T3,2.6972792030627,2.697279225311205,2.224850481624685e-08,8.248499002618702e-09
CJARS_ss,A_unadjusted,EMM contrast df (Satterthwaite),group diff at T3,53.548779959576,53.55403186070277,0.0052519011267690985,9.807695209365668e-05
CJARS_ss,A_unadjusted,EMM contrast p,group diff at T3,0.032025129566169,0.032024698964538,4.3060163099767346e-07,1.3445742041667066e-05
CJARS_ss,A_unadjusted,EMM contrast CI lower,group diff at T3,-11.34701626054,-11.347004048796045,1.2211743955603538e-05,1.0762074958921744e-06
CJARS_ss,A_unadjusted,EMM contrast CI upper,group diff at T3,-0.52949026664221,-0.529502470533858,1.2203891648021603e-05,2.3048377688627244e-05
CJARS_ss,B_verbal_adjusted,EMM contrast estimate,group diff at T1,0.3750082191929,0.3750082189726598,2.2024021495425927e-10,5.872943676495e-10
CJARS_ss,B_verbal_adjusted,EMM contrast SE,group diff at T1,2.4395489021666,2.439548948745201,4.6578600976232565e-08,1.9093120426840148e-08
CJARS_ss,B_verbal_adjusted,EMM contrast df (Satterthwaite),group diff at T1,54.370478983952,54.37291852283379,0.0024395388817950447,4.4868813506592424e-05
CJARS_ss,B_verbal_adjusted,EMM contrast p,group diff at T1,0.87839941100926,0.8783993879101224,2.30991376026779e-08,2.6296850058377817e-08
CJARS_ss,B_verbal_adjusted,EMM contrast CI lower,group diff at T1,-4.5152296954646,-4.51522479905947,4.896405130239145e-06,1.0844199432771767e-06
CJARS_ss,B_verbal_adjusted,EMM contrast CI upper,group diff at T1,5.2652461338504,5.26524123700479,4.896845610780076e-06,9.300316616346066e-07
CJARS_ss,B_verbal_adjusted,EMM contrast estimate,group diff at T2,-6.0979216625065,-6.097921665720149,3.213648902544719e-09,5.270072461415937e-10
CJARS_ss,B_verbal_adjusted,EMM contrast SE,group diff at T2,2.4771322103188,2.4771322560444826,4.5725682795705325e-08,1.845912083546827e-08
CJARS_ss,B_verbal_adjusted,EMM contrast df (Satterthwaite),group diff at T2,57.048207514236,57.050879130012405,0.002671615776407066,4.683084522402184e-05
CJARS_ss,B_verbal_adjusted,EMM contrast p,group diff at T2,0.0168749415405,0.0168747957942658,1.4574623419943977e-07,8.636843798815398e-06
CJARS_ss,B_verbal_adjusted,EMM contrast CI lower,group diff at T2,-11.058202509794,-11.058197574777012,4.93501698883847e-06,4.4627659734641656e-07
CJARS_ss,B_verbal_adjusted,EMM contrast CI upper,group diff at T2,-1.1376408152189,-1.1376457566632867,4.941444386785676e-06,4.343589224895087e-06
CJARS_ss,B_verbal_adjusted,EMM contrast estimate,group diff at T3,-6.0377473812798,-6.037747387251392,5.9715921096881175e-09,9.890430540706624e-10
CJARS_ss,B_verbal_adjusted,EMM contrast SE,group diff at T3,2.4657751079257,2.465775153940732,4.601503178491839e-08,1.8661487674611133e-08
CJARS_ss,B_verbal_adjusted,EMM contrast df (Satterthwaite),group diff at T3,56.178837636696,56.18143292087868,0.0025952841826750728,4.6196829479786774e-05
CJARS_ss,B_verbal_adjusted,EMM contrast p,group diff at T3,0.01748695916105,0.0174868107390675,1.484219824994526e-07,8.487581010084582e-06
CJARS_ss,B_verbal_adjusted,EMM contrast CI lower,group diff at T3,-10.976941508635,-10.976936588139626,4.9204953747050695e-06,4.4825741039381203e-07
CJARS_ss,B_verbal_adjusted,EMM contrast CI upper,group diff at T3,-1.0985532539242,-1.0985581863631575,4.9324389574945116e-06,4.489940692337933e-06
CJARS_ps,A_unadjusted,EMM contrast estimate,group diff at T1,2.350649350649,2.3506493506492703,2.7045032879868813e-13,1.1505345479282924e-13
CJARS_ps,A_unadjusted,EMM contrast SE,group diff at T1,7.9083040150873,7.90830412418178,1.0909448011631184e-07,1.3794927446919546e-08
CJARS_ps,A_unadjusted,EMM contrast df (Satterthwaite),group diff at T1,51.303702414616,51.31160126660623,0.00789885199023388,0.00015396261124389266
CJARS_ps,A_unadjusted,EMM contrast p,group diff at T1,0.76748494951945,0.767484768374275,1.8114517497114235e-07,2.360244003280636e-07
CJARS_ps,A_unadjusted,EMM contrast CI lower,group diff at T1,-13.523651809679,-13.52359305558013,5.875409886968441e-05,4.344543892178115e-06
CJARS_ps,A_unadjusted,EMM contrast CI upper,group diff at T1,18.224950510977,18.22489175687867,5.875409832967193e-05,3.223827592523995e-06
CJARS_ps,A_unadjusted,EMM contrast estimate,group diff at T2,20.36857415409,20.3685741343563,1.9733697342871892e-08,9.688305717221436e-10
CJARS_ps,A_unadjusted,EMM contrast SE,group diff at T2,7.9985489371514,7.998549052537398,1.1538599853366804e-07,1.4425866421561406e-08
CJARS_ps,A_unadjusted,EMM contrast df (Satterthwaite),group diff at T2,53.313802592527,53.32206957745224,0.008266984925242582,0.00015506275154346928
CJARS_ps,A_unadjusted,EMM contrast p,group diff at T2,0.013802814108882,0.0138023419230504,4.721858316014682e-07,3.4209388598345346e-05
CJARS_ps,A_unadjusted,EMM contrast CI lower,group diff at T2,4.3277206880863,4.327778142598135,5.7454511835253186e-05,1.3275928826326203e-05
CJARS_ps,A_unadjusted,EMM contrast CI upper,group diff at T2,36.409427620094,36.40937012611447,5.749397953280777e-05,1.5790959454983966e-06
CJARS_ps,A_unadjusted,EMM contrast estimate,group diff at T3,22.29752884701,22.29752883019119,1.6818809456253803e-08,7.542902880248602e-10
CJARS_ps,A_unadjusted,EMM contrast SE,group diff at T3,7.9720607751054,7.972060888579256,1.1347385608928562e-07,1.4233942676858903e-08
CJARS_ps,A_unadjusted,EMM contrast df (Satterthwaite),group diff at T3,52.693336183229,52.70148946749086,0.008153284261858573,0.00015473084174263317
CJARS_ps,A_unadjusted,EMM contrast p,group diff at T3,0.0071857475258594,0.0071854109452796,3.365805797996002e-07,4.684002305791364e-05
CJARS_ps,A_unadjusted,EMM contrast CI lower,group diff at T3,6.3054272603281,6.3054851138360455,5.7853507945182514e-05,9.175192347262464e-06
CJARS_ps,A_unadjusted,EMM contrast CI upper,group diff at T3,38.289630433692,38.28957254654634,5.7887145658241934e-05,1.5118230445835172e-06
CJARS_ps,B_verbal_adjusted,EMM contrast estimate,group diff at T1,2.6551744893829,2.655174490176321,7.934208845483681e-10,2.988206190293619e-10
CJARS_ps,B_verbal_adjusted,EMM contrast SE,group diff at T1,7.4439984711214,7.443998736940449,2.6581904855049743e-07,3.570917559719127e-08
CJARS_ps,B_verbal_adjusted,EMM contrast df (Satterthwaite),group diff at T1,52.129971161116,52.13927449940272,0.00930333828671337,0.00017846428991798052
CJARS_ps,B_verbal_adjusted,EMM contrast p,group diff at T1,0.72276618876273,0.7227659419754124,2.467873175815427e-07,3.414483430720611e-07
CJARS_ps,B_verbal_adjusted,EMM contrast CI lower,group diff at T1,-12.281414841826,-12.28135209798529,6.274384071147665e-05,5.108844666478825e-06
CJARS_ps,B_verbal_adjusted,EMM contrast CI upper,group diff at T1,17.591763820592,17.591701078337934,6.274225406599498e-05,3.5665698281233277e-06
CJARS_ps,B_verbal_adjusted,EMM contrast estimate,group diff at T2,20.711195316903,20.711195348459164,3.1556162127799325e-08,1.523628242839535e-09
CJARS_ps,B_verbal_adjusted,EMM contrast SE,group diff at T2,7.5390048707328,7.539005130456528,2.5972372785787456e-07,3.4450664552048384e-08
CJARS_ps,B_verbal_adjusted,EMM contrast df (Satterthwaite),group diff at T2,54.344547347227,54.35424037202588,0.009693024798878014,0.0001783624166918857
CJARS_ps,B_verbal_adjusted,EMM contrast p,group diff at T2,0.0081371637958701,0.0081367610525575,4.027433126007479e-07,4.949431063500952e-05
CJARS_ps,B_verbal_adjusted,EMM contrast CI lower,group diff at T2,5.5985949814646,5.598655814975324,6.0833510723945494e-05,1.0865853115888617e-05
CJARS_ps,B_verbal_adjusted,EMM contrast CI upper,group diff at T2,35.823795652342,35.823734881943004,6.0770398995657615e-05,1.696369630549875e-06
CJARS_ps,B_verbal_adjusted,EMM contrast estimate,group diff at T3,22.564112018385,22.564112053774025,3.538902504374164e-08,1.568376589112261e-09
CJARS_ps,B_verbal_adjusted,EMM contrast SE,group diff at T3,7.5106124319966,7.510612693689661,2.616930609988799e-07,3.484310545489193e-08
CJARS_ps,B_verbal_adjusted,EMM contrast df (Satterthwaite),group diff at T3,53.64326577717,53.65283592956687,0.009570152396868536,0.00017840361242401262
CJARS_ps,B_verbal_adjusted,EMM contrast p,group diff at T3,0.0040399060014704,0.0040396349588064,2.7104266400040933e-07,6.709132932839482e-05
CJARS_ps,B_verbal_adjusted,EMM contrast CI lower,group diff at T3,7.5039470176251,7.504008468522992,6.145089789200142e-05,8.18914335984342e-06
CJARS_ps,B_verbal_adjusted,EMM contrast CI upper,group diff at T3,37.624277019145,37.62421563902506,6.138011993783721e-05,1.631396661963873e-06
CJARS_sjas,A_unadjusted,EMM contrast estimate,group diff at T1,0.025638528138527,0.0256385281385271,1.0061396160665481e-16,3.924326742277466e-15
CJARS_sjas,A_unadjusted,EMM contrast SE,group diff at T1,0.35558801661067,0.3555880117023263,4.908343731457876e-09,1.3803456534453396e-08
CJARS_sjas,A_unadjusted,EMM contrast df (Satterthwaite),group diff at T1,50.409523730981,50.41019530205693,0.0006715710759266358,1.3322305513350792e-05
CJARS_sjas,A_unadjusted,EMM contrast p,group diff at T1,0.94280622866422,0.9428062240850548,4.579165269191776e-09,4.85695271199003e-09
CJARS_sjas,A_unadjusted,EMM contrast CI lower,group diff at T1,-0.68843728860699,-0.6884370450066886,2.436003014860688e-07,3.5384530372981223e-07
CJARS_sjas,A_unadjusted,EMM contrast CI upper,group diff at T1,0.73971434488405,0.7397141012837429,2.4360030703718394e-07,3.29316727087898e-07
CJARS_sjas,A_unadjusted,EMM contrast estimate,group diff at T2,0.90722913325782,0.9072291331749068,8.291312081354363e-11,9.139159863154555e-11
CJARS_sjas,A_unadjusted,EMM contrast SE,group diff at T2,0.35958167886687,0.3595816739267362,4.9401338020338414e-09,1.3738558142343109e-08
CJARS_sjas,A_unadjusted,EMM contrast df (Satterthwaite),group diff at T2,52.380830609455,52.38152356746888,0.0006929580138788083,1.3229229201144548e-05
CJARS_sjas,A_unadjusted,EMM contrast p,group diff at T2,0.014708816558602,0.0147087728579721,4.37006298995013e-08,2.9710500314822628e-06
CJARS_sjas,A_unadjusted,EMM contrast CI lower,group diff at T2,0.18580055429379,0.1858007896028345,2.3530904449953205e-07,1.2664604010139747e-06
CJARS_sjas,A_unadjusted,EMM contrast CI upper,group diff at T2,1.6286577122218,1.6286574767469788,2.3547482119745666e-07,1.4458214235588156e-07
CJARS_sjas,A_unadjusted,EMM contrast estimate,group diff at T3,0.95440039099234,0.954400390913533,7.880696095696749e-11,8.257222199482522e-11
CJARS_sjas,A_unadjusted,EMM contrast SE,group diff at T3,0.35841029934941,0.358410294418304,4.931105967997951e-09,1.375827083359196e-08
CJARS_sjas,A_unadjusted,EMM contrast df (Satterthwaite),group diff at T3,51.773106851341,51.773793265500665,0.0006864141596665263,1.3258121859239885e-05
CJARS_sjas,A_unadjusted,EMM contrast p,group diff at T3,0.010299502182528,0.0102994653683777,3.6814150299394055e-08,3.574362104786512e-06
CJARS_sjas,A_unadjusted,EMM contrast CI lower,group diff at T3,0.23512247819467,0.2351227160149424,2.37820272391831e-07,1.0114739952465429e-06
CJARS_sjas,A_unadjusted,EMM contrast CI upper,group diff at T3,1.67367830379,1.6736780658121235,2.3797787651602675e-07,1.421885412370658e-07
CJARS_sjas,B_verbal_adjusted,EMM contrast estimate,group diff at T1,0.041344610879422,0.0413446108898183,1.0396301874937564e-11,2.5145482455397835e-10
CJARS_sjas,B_verbal_adjusted,EMM contrast SE,group diff at T1,0.32622719471552,0.3262272000184741,5.30295413136983e-09,1.62554018097546e-08
CJARS_sjas,B_verbal_adjusted,EMM contrast df (Satterthwaite),group diff at T1,52.024738897617,52.02599727316545,0.0012583755484527614,2.418802237391722e-05
CJARS_sjas,B_verbal_adjusted,EMM contrast p,group diff at T1,0.89963820270848,0.8996381925189569,1.0189523114156884e-08,1.1326245465654942e-08
CJARS_sjas,B_verbal_adjusted,EMM contrast CI lower,group diff at T1,-0.61327073771407,-0.61327037164858,3.660654900317084e-07,5.969068268220258e-07
CJARS_sjas,B_verbal_adjusted,EMM contrast CI upper,group diff at T1,0.69595995947291,0.6959595934282167,3.6604469333401113e-07,5.259565415390241e-07
CJARS_sjas,B_verbal_adjusted,EMM contrast estimate,group diff at T2,0.92475089751341,0.9247508977767602,2.6335023051160533e-10,2.8477964305818523e-10
CJARS_sjas,B_verbal_adjusted,EMM contrast SE,group diff at T2,0.33051802490087,0.3305180301831346,5.282264570194428e-09,1.5981774584846625e-08
CJARS_sjas,B_verbal_adjusted,EMM contrast df (Satterthwaite),group diff at T2,54.305139884558,54.30645312958296,0.001313245024959997,2.418270218531241e-05
CJARS_sjas,B_verbal_adjusted,EMM contrast p,group diff at T2,0.0071034090718759,0.0071033590221033,5.0049772599806974e-08,7.045880660029285e-06
CJARS_sjas,B_verbal_adjusted,EMM contrast CI lower,group diff at T2,0.26218741901422,0.2621877735268623,3.5451264229768853e-07,1.3521344526392443e-06
CJARS_sjas,B_verbal_adjusted,EMM contrast CI upper,group diff at T2,1.5873143760126,1.5873140220266582,3.5398594189217647e-07,2.2300934663075623e-07
CJARS_sjas,B_verbal_adjusted,EMM contrast estimate,group diff at T3,0.96764840009635,0.967648400453668,3.573179530036441e-10,3.692642420202064e-10
CJARS_sjas,B_verbal_adjusted,EMM contrast SE,group diff at T3,0.329233668188,0.3292336734779298,5.2899298275121964e-09,1.606740239121451e-08
CJARS_sjas,B_verbal_adjusted,EMM contrast df (Satterthwaite),group diff at T3,53.580278164886,53.5815741137921,0.0012959489060975216,2.418705072992371e-05
CJARS_sjas,B_verbal_adjusted,EMM contrast p,group diff at T3,0.0048479546958728,0.0048479140509051,4.064496770053716e-08,8.383941321716427e-06
CJARS_sjas,B_verbal_adjusted,EMM contrast CI lower,group diff at T3,0.30745619656078,0.3074565549335893,3.583728093170535e-07,1.1656060711276248e-06
CJARS_sjas,B_verbal_adjusted,EMM contrast CI upper,group diff at T3,1.6278406036319,1.6278402459737469,3.5765815309396487e-07,2.1971325220417056e-07
BS_RJA,A_unadjusted,EMM contrast estimate,group diff at T1,-0.10476190476192,-0.1047619047619257,5.703770789011742e-15,5.4445084804195067e-14
BS_RJA,A_unadjusted,EMM contrast SE,group diff at T1,0.93811375943889,0.9381137654484984,6.0096084775196346e-09,6.4060551474206455e-09
BS_RJA,A_unadjusted,EMM contrast df (Satterthwaite),group diff at T1,92.491568470359,92.50015856929645,0.008590098937446555,9.287440011571915e-05
BS_RJA,A_unadjusted,EMM contrast p,group diff at T1,0.91132474155324,0.9113247196776592,2.1875580791252958e-08,2.4004155482455952e-08
BS_RJA,A_unadjusted,EMM contrast CI lower,group diff at T1,-1.9678048780512,-1.9678025971859696,2.280865230464002e-06,1.1590911557871728e-06
BS_RJA,A_unadjusted,EMM contrast CI upper,group diff at T1,1.7582810685274,1.7582787876621184,2.280865281534261e-06,1.2972131261383239e-06
BS_RJA,A_unadjusted,EMM contrast estimate,group diff at T2,2.1471541161031,2.147154119114329,3.011229043892172e-09,1.4024279958800972e-09
BS_RJA,A_unadjusted,EMM contrast SE,group diff at T2,0.96803605636453,0.9680360622114632,5.846933159858736e-09,6.03999522684822e-09
BS_RJA,A_unadjusted,EMM contrast df (Satterthwaite),group diff at T2,96.090804419959,96.09917350448598,0.008369084526975712,8.709558190812035e-05
BS_RJA,A_unadjusted,EMM contrast p,group diff at T2,0.028906819152936,0.0289066124944056,2.066585303994728e-07,7.1491273151194485e-06
BS_RJA,A_unadjusted,EMM contrast CI lower,group diff at T2,0.22564090455414,0.2256430295122811,2.1249581411142415e-06,9.417433179117494e-06
BS_RJA,A_unadjusted,EMM contrast CI upper,group diff at T2,4.0686673276522,4.068665208716378,2.1189358223594468e-06,5.20793579744984e-07
BS_RJA,A_unadjusted,EMM contrast estimate,group diff at T3,0.79105799707678,0.7910579949521157,2.1246643333583393e-09,2.685851532011147e-09
BS_RJA,A_unadjusted,EMM contrast SE,group diff at T3,0.94852263857378,0.94852264452561,5.951829917805185e-09,6.2748422396691446e-09
BS_RJA,A_unadjusted,EMM contrast df (Satterthwaite),group diff at T3,93.7975353683,93.80605576438104,0.008520396081038939,9.083816592390453e-05
BS_RJA,A_unadjusted,EMM contrast p,group diff at T3,0.40640575524317,0.4064055674243081,1.878188619075516e-07,4.6214616669286957e-07
BS_RJA,A_unadjusted,EMM contrast CI lower,group diff at T3,-1.0923089359037,-1.0923067148015324,2.2211021675211384e-06,2.0334010777670276e-06
BS_RJA,A_unadjusted,EMM contrast CI upper,group diff at T3,2.6744249300572,2.674422704705764,2.225351436013767e-06,8.320859602390007e-07
BS_RJA,B_verbal_adjusted,EMM contrast estimate,group diff at T1,-0.082311911087549,-0.0823119110830852,4.46379044838352e-12,5.423018843087875e-11
BS_RJA,B_verbal_adjusted,EMM contrast SE,group diff at T1,0.91592350535578,0.9159235208961264,1.554034634310142e-08,1.696686049897251e-08
BS_RJA,B_verbal_adjusted,EMM contrast df (Satterthwaite),group diff at T1,93.798034539361,93.79999836125975,0.0019638218987552136,2.093670627960892e-05
BS_RJA,B_verbal_adjusted,EMM contrast p,group diff at T1,0.92858399237042,0.9285839895764246,2.7939953683997487e-09,3.0088773781975775e-09
BS_RJA,B_verbal_adjusted,EMM contrast CI lower,group diff at T1,-1.9009505529422,-1.9009500863255733,4.6661662667091264e-07,2.454648943649301e-07
BS_RJA,B_verbal_adjusted,EMM contrast CI upper,group diff at T1,1.7363267307671,1.7363262641594028,4.666076971471256e-07,2.6873265778784663e-07
BS_RJA,B_verbal_adjusted,EMM contrast estimate,group diff at T2,2.192315080839,2.192315078827928,2.0110721976607238e-09,9.173280862945509e-10
BS_RJA,B_verbal_adjusted,EMM contrast SE,group diff at T2,0.94641064461365,0.9464106609526272,1.6338977171237445e-08,1.726415194527683e-08
BS_RJA,B_verbal_adjusted,EMM contrast df (Satterthwaite),group diff at T2,97.159439936309,97.16140053830088,0.001960601991882527,2.0179222864682646e-05
BS_RJA,B_verbal_adjusted,EMM contrast p,group diff at T2,0.022634687100067,0.0226346464784646,4.062160240125845e-08,1.7946615396834096e-06
BS_RJA,B_verbal_adjusted,EMM contrast CI lower,group diff at T2,0.31399085770379,0.3139913011209241,4.4341713412165973e-07,1.4121975950649074e-06
BS_RJA,B_verbal_adjusted,EMM contrast CI upper,group diff at T2,4.0706393039743,4.070638856534932,4.4743936822300157e-07,1.0991869699340634e-07
BS_RJA,B_verbal_adjusted,EMM contrast estimate,group diff at T3,0.83294020686909,0.8329402090634552,2.1943652450673312e-09,2.6344811151759073e-09
BS_RJA,B_verbal_adjusted,EMM contrast SE,group diff at T3,0.92652282145377,0.9265228372723096,1.5818539589318448e-08,1.7073016684573628e-08
BS_RJA,B_verbal_adjusted,EMM contrast df (Satterthwaite),group diff at T3,95.016938203661,95.01890117611735,0.0019629724563543505,2.0659184493472945e-05
BS_RJA,B_verbal_adjusted,EMM contrast p,group diff at T3,0.37092745666806,0.3709274167123388,3.9955721176099246e-08,1.0771842433830748e-07
BS_RJA,B_verbal_adjusted,EMM contrast CI lower,group diff at T3,-1.0064359249798,-1.0064354641672977,4.608125023786158e-07,4.57865712998932e-07
BS_RJA,B_verbal_adjusted,EMM contrast CI upper,group diff at T3,2.672316338718,2.672315882294208,4.56423791650451e-07,1.7079706658883538e-07
BS_IJA,A_unadjusted,EMM contrast estimate,group diff at T1,0.84404761904751,0.8440476190476218,1.1179945857975326e-13,1.3245634020734115e-13
BS_IJA,A_unadjusted,EMM contrast SE,group diff at T1,2.673755017313,2.673754979557028,3.775597168242939e-08,1.4120954028306003e-08
BS_IJA,A_unadjusted,EMM contrast df (Satterthwaite),group diff at T1,74.731490653814,74.73455226830912,0.0030616144951096658,4.096819785506865e-05
BS_IJA,A_unadjusted,EMM contrast p,group diff at T1,0.75312627996788,0.7531262406174604,3.935041958946783e-08,5.2249430986721225e-08
BS_IJA,A_unadjusted,EMM contrast CI lower,group diff at T1,-4.4826592104851,-4.4826555454666455,3.665018454945823e-06,8.175991711288723e-07
BS_IJA,A_unadjusted,EMM contrast CI upper,group diff at T1,6.1707544485801,6.170750783561889,3.6650182106967577e-06,5.939335686157604e-07
BS_IJA,A_unadjusted,EMM contrast estimate,group diff at T2,1.727744478919,1.7277444509173776,2.800162235416792e-08,1.6207039117085027e-08
BS_IJA,A_unadjusted,EMM contrast SE,group diff at T2,2.7414805796409,2.7414805441898946,3.5451005242492784e-08,1.2931335536630512e-08
BS_IJA,A_unadjusted,EMM contrast df (Satterthwaite),group diff at T2,78.989675638633,78.99274810247333,0.0030724638403256677,3.8897030725658004e-05
BS_IJA,A_unadjusted,EMM contrast p,group diff at T2,0.53036761020075,0.5303675409537099,6.924704010202731e-08,1.3056423275134872e-07
BS_IJA,A_unadjusted,EMM contrast CI lower,group diff at T2,-3.7290472070025,-3.729043863870364,3.343132136013338e-06,8.965110792203218e-07
BS_IJA,A_unadjusted,EMM contrast CI upper,group diff at T2,7.1845361648405,7.184532765705119,3.399135381165763e-06,4.731182783657441e-07
BS_IJA,A_unadjusted,EMM contrast estimate,group diff at T3,3.066849377982,3.066849388268679,1.0286679064108739e-08,3.354152029102068e-09
BS_IJA,A_unadjusted,EMM contrast SE,group diff at T3,2.6972671799061,2.697267142959105,3.6946994796949184e-08,1.3697936590113932e-08
BS_IJA,A_unadjusted,EMM contrast df (Satterthwaite),group diff at T3,76.233675255624,76.23674276595492,0.0030675103309221186,4.023825849450724e-05
BS_IJA,A_unadjusted,EMM contrast p,group diff at T3,0.25909086644824,0.2590907156015513,1.5084668869569384e-07,5.822153855270283e-07
BS_IJA,A_unadjusted,EMM contrast CI lower,group diff at T3,-2.3049574998618,-2.3049539314291607,3.5684326391560717e-06,1.548155503678496e-06
BS_IJA,A_unadjusted,EMM contrast CI upper,group diff at T3,8.4386562558257,8.438652707966519,3.547859181551871e-06,4.204293994203847e-07
BS_IJA,B_verbal_adjusted,EMM contrast estimate,group diff at T1,0.92164028037241,0.921640280340096,3.231392931013488e-11,3.506132489899171e-11
BS_IJA,B_verbal_adjusted,EMM contrast SE,group diff at T1,2.575326759513,2.575326730544243,2.8968757170844128e-08,1.124857537546893e-08
BS_IJA,B_verbal_adjusted,EMM contrast df (Satterthwaite),group diff at T1,76.733758637961,76.74221811042393,0.008459472462931217,0.00011024446883729511
BS_IJA,B_verbal_adjusted,EMM contrast p,group diff at T1,0.721420800129,0.7214206890300208,1.1109897923855527e-07,1.5400024398893025e-07
BS_IJA,B_verbal_adjusted,EMM contrast CI lower,group diff at T1,-4.2067744164942,-4.206765305365526,9.111128674632596e-06,2.1658229732759327e-06
BS_IJA,B_verbal_adjusted,EMM contrast CI upper,group diff at T1,6.0500549772391,6.050045866045718,9.111193381983185e-06,1.5059686922284818e-06
BS_IJA,B_verbal_adjusted,EMM contrast estimate,group diff at T2,1.8407965010312,1.8407964815182112,1.9512988780334695e-08,1.0600296539787896e-08
BS_IJA,B_verbal_adjusted,EMM contrast SE,group diff at T2,2.6452668503914,2.64526682310308,2.7288320048057813e-08,1.0315904440423531e-08
BS_IJA,B_verbal_adjusted,EMM contrast df (Satterthwaite),group diff at T2,81.051822596121,81.0603244600256,0.008501863904598395,0.00010489417303991976
BS_IJA,B_verbal_adjusted,EMM contrast p,group diff at T2,0.48849266139587,0.488492453230014,2.0816585599714443e-07,4.261391673772735e-07
BS_IJA,B_verbal_adjusted,EMM contrast CI lower,group diff at T2,-3.4224037595186,-3.4223953619212457,8.397597354381503e-06,2.4537132215991724e-06
BS_IJA,B_verbal_adjusted,EMM contrast CI upper,group diff at T2,7.1039967615809,7.103988324957668,8.4366232320221e-06,1.1875882711051013e-06
BS_IJA,B_verbal_adjusted,EMM contrast estimate,group diff at T3,3.1888949404258,3.188894950927857,1.0502057001815501e-08,3.2933217299448585e-09
BS_IJA,B_verbal_adjusted,EMM contrast SE,group diff at T3,2.5996128448965,2.599612816516487,2.8380013006312765e-08,1.0917015224796937e-08
BS_IJA,B_verbal_adjusted,EMM contrast df (Satterthwaite),group diff at T3,78.260119243199,78.26860150712915,0.008482263930147838,0.00010838552269245319
BS_IJA,B_verbal_adjusted,EMM contrast p,group diff at T3,0.22362041576382,0.2236200120460205,4.0371779949643916e-07,1.8053709368058402e-06
BS_IJA,B_verbal_adjusted,EMM contrast CI lower,group diff at T3,-1.9862657365689,-1.9862568653866972,8.871182202829786e-06,4.46626150746273e-06
BS_IJA,B_verbal_adjusted,EMM contrast CI upper,group diff at T3,8.3640556174206,8.36404676724241,8.85017819030054e-06,1.0581204376340404e-06
BS_EC,A_unadjusted,EMM contrast estimate,group diff at T1,-0.49880952380952,-0.4988095238095305,1.049160758270773e-14,2.1033294437886777e-14
BS_EC,A_unadjusted,EMM contrast SE,group diff at T1,1.2288188354311,1.2288188261104274,9.320672678114761e-09,7.58506657724272e-09
BS_EC,A_unadjusted,EMM contrast df (Satterthwaite),group diff at T1,81.318695254059,81.32304785153906,0.004352597480064446,5.3525176055344884e-05
BS_EC,A_unadjusted,EMM contrast p,group diff at T1,0.68586313296397,0.6858630737499507,5.9214019243469806e-08,8.63350374112913e-08
BS_EC,A_unadjusted,EMM contrast CI lower,group diff at T1,-2.9436283061021,-2.943626311814324,1.9942877758083455e-06,6.774930692418655e-07
BS_EC,A_unadjusted,EMM contrast CI upper,group diff at T1,1.946009258483,1.9460072641952628,1.9942877371725842e-06,1.0248089665961916e-06
BS_EC,A_unadjusted,EMM contrast estimate,group diff at T2,0.28326802182954,0.2832680222832699,4.537299425066976e-10,1.601769022765779e-09
BS_EC,A_unadjusted,EMM contrast SE,group diff at T2,1.2631480750636,1.2631480657138872,9.349712781769881e-09,7.401913494028893e-09
BS_EC,A_unadjusted,EMM contrast df (Satterthwaite),group diff at T2,85.569753892254,85.57405614808141,0.004302255827411727,5.027776324831967e-05
BS_EC,A_unadjusted,EMM contrast p,group diff at T2,0.82309302168478,0.8230929932838082,2.840097179657164e-08,3.450517869588786e-08
BS_EC,A_unadjusted,EMM contrast CI lower,group diff at T2,-2.2279673745456,-2.2279655451955898,1.829350010140729e-06,8.210847389602507e-07
BS_EC,A_unadjusted,EMM contrast CI upper,group diff at T2,2.7945034182047,2.7945015897621297,1.82844257023973e-06,6.542996363247944e-07
BS_EC,A_unadjusted,EMM contrast estimate,group diff at T3,-0.40830001368008,-0.4083000151548859,1.474805888523889e-09,3.612064264292336e-09
BS_EC,A_unadjusted,EMM contrast SE,group diff at T3,1.2407463729921,1.240746363662011,9.330088923675817e-09,7.519739027063207e-09
BS_EC,A_unadjusted,EMM contrast df (Satterthwaite),group diff at T3,82.83269810408,82.83703761895599,0.004339514875994155,5.2388911327523306e-05
BS_EC,A_unadjusted,EMM contrast p,group diff at T3,0.74292874328278,0.7429286970856843,4.619709570441444e-08,6.218240460085483e-08
BS_EC,A_unadjusted,EMM contrast CI lower,group diff at T3,-2.8761683621284,-2.8761664291893028,1.9329390972266935e-06,6.720535288123032e-07
BS_EC,A_unadjusted,EMM contrast CI upper,group diff at T3,2.0595683347682,2.059566398879531,1.93588866892469e-06,9.399487437461356e-07
BS_EC,B_verbal_adjusted,EMM contrast estimate,group diff at T1,-0.5173340888004,-0.5173340887982318,2.1681545447904682e-12,4.191014262791012e-12
BS_EC,B_verbal_adjusted,EMM contrast SE,group diff at T1,1.2244405223867,1.2244405090902812,1.3296418854835679e-08,1.0859179038699303e-08
BS_EC,B_verbal_adjusted,EMM contrast df (Satterthwaite),group diff at T1,79.915888246115,79.92288548775954,0.0069972416445409635,8.755757832524779e-05
BS_EC,B_verbal_adjusted,EMM contrast p,group diff at T1,0.67378997999933,0.6737898775143067,1.0248502324561315e-07,1.5210232607750424e-07
BS_EC,B_verbal_adjusted,EMM contrast CI lower,group diff at T1,-2.9540877558744,-2.954084450856977,3.305017422849943e-06,1.1187945978509596e-06
BS_EC,B_verbal_adjusted,EMM contrast CI upper,group diff at T1,1.9194195782736,1.9194162732605136,3.3050130865408534e-06,1.7218815124900984e-06
BS_EC,B_verbal_adjusted,EMM contrast estimate,group diff at T2,0.24607454357773,0.2460745438537239,2.7599389440524646e-10,1.1215865338710484e-09
BS_EC,B_verbal_adjusted,EMM contrast SE,group diff at T2,1.2591234454393,1.2591234320399332,1.3399366949329305e-08,1.064182149721972e-08
BS_EC,B_verbal_adjusted,EMM contrast df (Satterthwaite),group diff at T2,84.18822363764,84.19533717578008,0.007113538140089304,8.449564360339928e-05
BS_EC,B_verbal_adjusted,EMM contrast p,group diff at T2,0.84552472739062,0.8455246858726214,4.1517998594642336e-08,4.9103234062439935e-08
BS_EC,B_verbal_adjusted,EMM contrast CI lower,group diff at T2,-2.2577487239567,-2.257745613294869,3.110661830785233e-06,1.3777714932482853e-06
BS_EC,B_verbal_adjusted,EMM contrast CI upper,group diff at T2,2.7498978111121,2.7498947010023165,3.1101097834884683e-06,1.1309910393472742e-06
BS_EC,B_verbal_adjusted,EMM contrast estimate,group diff at T3,-0.43581911732021,-0.435819119171426,1.8512160138151046e-09,4.247670513395487e-09
BS_EC,B_verbal_adjusted,EMM contrast SE,group diff at T3,1.2364869561652,1.236486942833637,1.3331563186724793e-08,1.0781806569210293e-08
BS_EC,B_verbal_adjusted,EMM contrast df (Satterthwaite),group diff at T3,81.432591230428,81.43963581554645,0.007044585118450186,8.650817826140739e-05
BS_EC,B_verbal_adjusted,EMM contrast p,group diff at T3,0.72539972141436,0.7253996388259376,8.25884224342488e-08,1.1385229411616076e-07
BS_EC,B_verbal_adjusted,EMM contrast CI lower,group diff at T3,-2.8958421965614,-2.8958389634696,3.2330918000589293e-06,1.1164599382859979e-06
BS_EC,B_verbal_adjusted,EMM contrast CI upper,group diff at T3,2.024203961921,2.024200725126748,3.2367942521815962e-06,1.5990455078004242e-06
BS_FL,A_unadjusted,EMM contrast estimate,group diff at T1,0.71666666666668,0.7166666666666757,4.3298697960381105e-15,6.041678785169344e-15
BS_FL,A_unadjusted,EMM contrast SE,group diff at T1,0.53591192299402,0.5359119233650488,3.7102876326855494e-10,6.923316077681203e-10
BS_FL,A_unadjusted,EMM contrast df (Satterthwaite),group diff at T1,107.84338048,107.8501487819406,0.0067683019406103995,6.276047644728282e-05
BS_FL,A_unadjusted,EMM contrast p,group diff at T1,0.18394357328541,0.1839433974275636,1.7585784639617685e-07,9.560423517668257e-07
BS_FL,A_unadjusted,EMM contrast CI lower,group diff at T1,-0.34562121388635,-0.3456204582489652,7.556373847750208e-07,2.186316563958067e-06
BS_FL,A_unadjusted,EMM contrast CI upper,group diff at T1,1.7789545472197,1.7789537915823166,7.556373833317309e-07,4.2476486232473153e-07
BS_FL,A_unadjusted,EMM contrast estimate,group diff at T2,0.34016315450465,0.3401631552696926,7.65042584838227e-10,2.249046008384688e-09
BS_FL,A_unadjusted,EMM contrast SE,group diff at T2,0.55560370063213,0.5556037010693573,4.372272544017619e-10,7.869408607327722e-10
BS_FL,A_unadjusted,EMM contrast df (Satterthwaite),group diff at T2,109.08521781482,109.0913775716692,0.006159756849200448,5.6467383689484664e-05
BS_FL,A_unadjusted,EMM contrast p,group diff at T2,0.54165266098182,0.5416525885669088,7.241491117859766e-08,1.3369252363190772e-07
BS_FL,A_unadjusted,EMM contrast CI lower,group diff at T2,-0.76101566216916,-0.7610149649365003,6.972326596077494e-07,9.161870041155175e-07
BS_FL,A_unadjusted,EMM contrast CI upper,group diff at T2,1.4413419711785,1.4413412754758856,6.957026144061018e-07,4.826769970746547e-07
BS_FL,A_unadjusted,EMM contrast estimate,group diff at T3,0.07457356288128,0.0745735632003139,3.190338965231021e-10,4.278109885013799e-09
BS_FL,A_unadjusted,EMM contrast SE,group diff at T3,0.54277194032001,0.5427719407142957,3.942857151884027e-10,7.264298057779809e-10
BS_FL,A_unadjusted,EMM contrast df (Satterthwaite),group diff at T3,108.30822564196,108.3147742772916,0.006548635331611763,6.046295461676124e-05
BS_FL,A_unadjusted,EMM contrast p,group diff at T3,0.89097452996449,0.8909745141755547,1.5788935270322213e-08,1.772097264211524e-08
BS_FL,A_unadjusted,EMM contrast CI lower,group diff at T3,-1.0012599002195,-1.001259165905694,7.343138059834331e-07,7.333898080033507e-07
BS_FL,A_unadjusted,EMM contrast CI upper,group diff at T3,1.1504070259821,1.150406292306322,7.336757779086156e-07,6.377532137221417e-07
BS_FL,B_verbal_adjusted,EMM contrast estimate,group diff at T1,0.72140930246285,0.7214093024671904,4.3404169147720495e-12,6.016580185415014e-12
BS_FL,B_verbal_adjusted,EMM contrast SE,group diff at T1,0.5367498762032,0.5367498734581644,2.745035643236804e-09,5.114180300616599e-09
BS_FL,B_verbal_adjusted,EMM contrast df (Satterthwaite),group diff at T1,106.1621569924,106.1682118963394,0.006054903939400447,5.703448489496977e-05
BS_FL,B_verbal_adjusted,EMM contrast p,group diff at T1,0.18180313460925,0.1818029693766254,1.652326245826785e-07,9.088546516968119e-07
BS_FL,B_verbal_adjusted,EMM contrast CI lower,group diff at T1,-0.34273076713229,-0.3427300620903888,7.050419011944697e-07,2.057130461597374e-06
BS_FL,B_verbal_adjusted,EMM contrast CI upper,group diff at T1,1.785549372058,1.7855486670247696,7.050332304636697e-07,3.948550745763238e-07
BS_FL,B_verbal_adjusted,EMM contrast estimate,group diff at T2,0.35386419660125,0.3538641974072618,8.060118128483396e-10,2.2777433280614983e-09
BS_FL,B_verbal_adjusted,EMM contrast SE,group diff at T2,0.55667477549924,0.5566747727028893,2.796350706546491e-09,5.023311329381959e-09
BS_FL,B_verbal_adjusted,EMM contrast df (Satterthwaite),group diff at T2,107.53095454679,107.5366307947733,0.005676247983302574,5.2787106812417114e-05
BS_FL,B_verbal_adjusted,EMM contrast p,group diff at T2,0.52633886831429,0.5263387941316084,7.418268155312546e-08,1.409409147204176e-07
BS_FL,B_verbal_adjusted,EMM contrast CI lower,group diff at T2,-0.74961631129024,-0.749615642143229,6.691470110231634e-07,8.926526823721688e-07
BS_FL,B_verbal_adjusted,EMM contrast CI upper,group diff at T2,1.4573447044927,1.4573440369577526,6.675349473184156e-07,4.5804876859986517e-07
BS_FL,B_verbal_adjusted,EMM contrast estimate,group diff at T3,0.08298770481442,0.0829877051527994,3.383793939493174e-10,4.077464182266677e-09
BS_FL,B_verbal_adjusted,EMM contrast SE,group diff at T3,0.54368005822946,0.5436800554665985,2.762861495142488e-09,5.081778250502657e-09
BS_FL,B_verbal_adjusted,EMM contrast df (Satterthwaite),group diff at T3,106.66785634639,106.6737777709495,0.0059214245595029524,5.551273609806028e-05
BS_FL,B_verbal_adjusted,EMM contrast p,group diff at T3,0.8789699880041,0.8789699709169106,1.7087189330133867e-08,1.9440014520784938e-08
BS_FL,B_verbal_adjusted,EMM contrast CI lower,group diff at T3,-0.99483298129632,-0.9948322891014116,6.921949083915635e-07,6.957900686903212e-07
BS_FL,B_verbal_adjusted,EMM contrast CI upper,group diff at T3,1.1608083909252,1.1608076994070105,6.915181895994493e-07,5.957212189414723e-07
BS_T,A_unadjusted,EMM contrast estimate,group diff at T1,0.95714285714298,0.9571428571428982,8.182343691487404e-14,8.548717289612609e-14
BS_T,A_unadjusted,EMM contrast SE,group diff at T1,3.1348362853024,3.1348362593980563,2.5904343559091103e-08,8.263380030575427e-09
BS_T,A_unadjusted,EMM contrast df (Satterthwaite),group diff at T1,95.665275262638,95.67864577694505,0.013370514307041503,0.00013976350635415302
BS_T,A_unadjusted,EMM contrast p,group diff at T1,0.76078222779977,0.7607821333197926,9.447997739719938e-08,1.2418793965579534e-07
BS_T,A_unadjusted,EMM contrast CI lower,group diff at T1,-5.2657358598421,-5.2657246711770656,1.1188665034467249e-05,2.124805598358053e-06
BS_T,A_unadjusted,EMM contrast CI upper,group diff at T1,7.1800215741281,7.180010385462862,1.1188665237860107e-05,1.5583052393848543e-06
BS_T,A_unadjusted,EMM contrast estimate,group diff at T2,4.2512690504942,4.251269034998245,1.5495954741595597e-08,3.6450185950461616e-09
BS_T,A_unadjusted,EMM contrast SE,group diff at T2,3.2383296480708,3.2383296224293945,2.564140544336624e-08,7.91809612669971e-09
BS_T,A_unadjusted,EMM contrast df (Satterthwaite),group diff at T2,98.932098038674,98.94484841630238,0.012750377628378828,0.00012888008928502173
BS_T,A_unadjusted,EMM contrast p,group diff at T2,0.19228857433107,0.1922881821052742,3.922257957866826e-07,2.0397769194095414e-06
BS_T,A_unadjusted,EMM contrast CI lower,group diff at T2,-2.174334089622,-2.174323803587946,1.028603405384132e-05,4.730659424849246e-06
BS_T,A_unadjusted,EMM contrast CI upper,group diff at T2,10.67687219061,10.676861873584436,1.03170255645324e-05,9.662966251114184e-07
BS_T,A_unadjusted,EMM contrast estimate,group diff at T3,3.5584142210379,3.558414224877936,3.840035844859813e-09,1.0791424511955134e-09
BS_T,A_unadjusted,EMM contrast SE,group diff at T3,3.1708500073393,3.17084998153037,2.5808930104176397e-08,8.139435811986892e-09
BS_T,A_unadjusted,EMM contrast df (Satterthwaite),group diff at T3,96.857762397477,96.870923990828,0.013161593351000533,0.00013588578783173884
BS_T,A_unadjusted,EMM contrast p,group diff at T3,0.2645401176879,0.2645397374169898,3.8027091020520487e-07,1.4374791752903133e-06
BS_T,A_unadjusted,EMM contrast CI lower,group diff at T3,-2.7349620233613,-2.7349511538028137,1.086955848617066e-05,3.974299603916199e-06
BS_T,A_unadjusted,EMM contrast CI upper,group diff at T3,9.851790465437,9.851779603558686,1.086187831411678e-05,1.1025283528129701e-06
BS_T,B_verbal_adjusted,EMM contrast estimate,group diff at T1,1.0430709951694,1.043070995165479,3.920863633766203e-12,3.758961424413335e-12
BS_T,B_verbal_adjusted,EMM contrast SE,group diff at T1,3.0293396366972,3.029339627570508,9.126692290806204e-09,3.0127662742883358e-09
BS_T,B_verbal_adjusted,EMM contrast df (Satterthwaite),group diff at T1,98.44308878301,98.4582590396561,0.015170256646101166,0.00015410179458651195
BS_T,B_verbal_adjusted,EMM contrast p,group diff at T1,0.73133791763952,0.7313378038615757,1.1377794439937361e-07,1.55575065445267e-07
BS_T,B_verbal_adjusted,EMM contrast CI lower,group diff at T1,-4.9682167555989,-4.968205213799966,1.154179893347873e-05,2.323127089910434e-06
BS_T,B_verbal_adjusted,EMM contrast CI upper,group diff at T1,7.0543587459376,7.0543472041309245,1.1541806675730015e-05,1.6361241455683842e-06
BS_T,B_verbal_adjusted,EMM contrast estimate,group diff at T2,4.4030777059152,4.40307768145216,2.446303959402485e-08,5.5558954958166234e-09
BS_T,B_verbal_adjusted,EMM contrast SE,group diff at T2,3.1348321478936,3.134832140232588,7.66101182492207e-09,2.443834777587618e-09
BS_T,B_verbal_adjusted,EMM contrast df (Satterthwaite),group diff at T2,101.1981851083,101.21249298667377,0.014307878373770677,0.0001413847329224206
BS_T,B_verbal_adjusted,EMM contrast p,group diff at T2,0.16321238757873,0.1632119570613003,4.305174297059011e-07,2.6377742283699464e-06
BS_T,B_verbal_adjusted,EMM contrast CI lower,group diff at T2,-1.8154383781986,-1.81542775132712,1.0626871480123867e-05,5.853611782003068e-06
BS_T,B_verbal_adjusted,EMM contrast CI upper,group diff at T2,10.621593790029,10.62158311423144,1.0675797559756006e-05,1.005103167264586e-06
BS_T,B_verbal_adjusted,EMM contrast estimate,group diff at T3,3.7173638430975,3.71736385311354,1.0016039997395865e-08,2.6943932367540277e-09
BS_T,B_verbal_adjusted,EMM contrast SE,group diff at T3,3.0660241404583,3.066024131844208,8.614092106284943e-09,2.8095317295829686e-09
BS_T,B_verbal_adjusted,EMM contrast df (Satterthwaite),group diff at T3,99.449704418897,99.46458028635207,0.014875867455074854,0.0001495818166780615
BS_T,B_verbal_adjusted,EMM contrast p,group diff at T3,0.22821722962305,0.2282167986503515,4.309726985007867e-07,1.8884319085488466e-06
BS_T,B_verbal_adjusted,EMM contrast CI lower,group diff at T3,-2.3659529311297,-2.365941700169949,1.1230959751085123e-05,4.7469075159168705e-06
BS_T,B_verbal_adjusted,EMM contrast CI upper,group diff at T3,9.8006806173247,9.800669406397027,1.12109276724226e-05,1.1438927672640408e-06
JAST_arja,A_unadjusted,EMM contrast estimate,group diff at T1,-0.11349206349205,-0.1134920634920657,1.569577801063815e-14,1.382984635902547e-13
JAST_arja,A_unadjusted,EMM contrast SE,group diff at T1,0.23051891000749,0.2305189097607148,2.467752113766153e-10,1.070520467794148e-09
JAST_arja,A_unadjusted,EMM contrast df (Satterthwaite),group diff at T1,66.646566950793,66.64916651216845,0.002599561375447479,3.900518052740521e-05
JAST_arja,A_unadjusted,EMM contrast p,group diff at T1,0.62410193431312,0.624101870985293,6.332782698237338e-08,1.014703264012013e-07
JAST_arja,A_unadjusted,EMM contrast CI lower,group diff at T1,-0.57365459050526,-0.5736542583147726,3.3219048745092294e-07,5.79077537161061e-07
JAST_arja,A_unadjusted,EMM contrast CI upper,group diff at T1,0.34667046352116,0.3466701313306411,3.3219051887023454e-07,9.582313863608353e-07
JAST_arja,A_unadjusted,EMM contrast estimate,group diff at T2,0.57254129759419,0.5725412972813864,3.128036718536009e-10,5.463425488571694e-10
JAST_arja,A_unadjusted,EMM contrast SE,group diff at T2,0.23541842758486,0.2354184274418952,1.429648066597622e-10,6.07279592028659e-10
JAST_arja,A_unadjusted,EMM contrast df (Satterthwaite),group diff at T2,70.466737217797,70.4694616607414,0.00272444294439822,3.86628223750104e-05
JAST_arja,A_unadjusted,EMM contrast p,group diff at T2,0.01755863609422,0.0175585351200431,1.0097417689827748e-07,5.750684526773492e-06
JAST_arja,A_unadjusted,EMM contrast CI lower,group diff at T2,0.10306871820647,0.1030690351333354,3.169268654040769e-07,3.0749083807290644e-06
JAST_arja,A_unadjusted,EMM contrast CI upper,group diff at T2,1.0420138769819,1.0420135594294373,3.1755246276965465e-07,3.0474878481409184e-07
JAST_arja,A_unadjusted,EMM contrast estimate,group diff at T3,0.59859191720999,0.5985919177874157,5.774256628399144e-10,9.646399261975826e-10
JAST_arja,A_unadjusted,EMM contrast SE,group diff at T3,0.23221773103519,0.23221773082466,2.1053001009185834e-10,9.066060940021624e-10
JAST_arja,A_unadjusted,EMM contrast df (Satterthwaite),group diff at T3,67.980387504531,67.98303155094236,0.0026440464113619555,3.889425330483334e-05
JAST_arja,A_unadjusted,EMM contrast p,group diff at T3,0.012117975595772,0.0121178876658801,8.792989190063716e-08,7.256153571667216e-06
JAST_arja,A_unadjusted,EMM contrast CI lower,group diff at T3,0.13520622892564,0.1352065563479862,3.2742234620797284e-07,2.421651345575557e-06
JAST_arja,A_unadjusted,EMM contrast CI upper,group diff at T3,1.0619776054943,1.0619772792268452,3.262674548309974e-07,3.072263041546299e-07
JAST_arja,B_verbal_adjusted,EMM contrast estimate,group diff at T1,-0.10779881639908,-0.10779881639847,6.099981630924844e-13,5.658672177199252e-12
JAST_arja,B_verbal_adjusted,EMM contrast SE,group diff at T1,0.22498915025491,0.2249891491021082,1.1528017984652195e-09,5.12381062446393e-09
JAST_arja,B_verbal_adjusted,EMM contrast df (Satterthwaite),group diff at T1,66.623544303695,66.62579451300181,0.002250209306808415,3.3774986460508926e-05
JAST_arja,B_verbal_adjusted,EMM contrast p,group diff at T1,0.63341582142604,0.6334157668262398,5.4599800236587726e-08,8.619898396864247e-08
JAST_arja,B_verbal_adjusted,EMM contrast CI lower,group diff at T1,-0.5569256889993,-0.5569254062649454,2.8273435459524876e-07,5.076698025965977e-07
JAST_arja,B_verbal_adjusted,EMM contrast CI upper,group diff at T1,0.34132805620113,0.3413277734680053,2.827331246901821e-07,8.28332507549803e-07
JAST_arja,B_verbal_adjusted,EMM contrast estimate,group diff at T2,0.581612591729,0.5816125916893209,3.967914885549817e-11,6.822264411013045e-11
JAST_arja,B_verbal_adjusted,EMM contrast SE,group diff at T2,0.23002305532978,0.2300230541729746,1.1568054014698959e-09,5.029084583766633e-09
JAST_arja,B_verbal_adjusted,EMM contrast df (Satterthwaite),group diff at T2,70.560255925173,70.56260753487173,0.0023516096987350465,3.3327680971407716e-05
JAST_arja,B_verbal_adjusted,EMM contrast p,group diff at T2,0.013694201453498,0.0136941238775325,7.757596549862189e-08,5.664876901515579e-06
JAST_arja,B_verbal_adjusted,EMM contrast CI lower,group diff at T2,0.12291010654379,0.122910375402457,2.6885866699633e-07,2.1874414932716855e-06
JAST_arja,B_verbal_adjusted,EMM contrast CI upper,group diff at T2,1.0403150769142,1.0403148079761848,2.6893801519101146e-07,2.5851592576043394e-07
JAST_arja,B_verbal_adjusted,EMM contrast estimate,group diff at T3,0.60711622062486,0.6071162207582508,1.3339074289575592e-10,2.197120392508483e-10
JAST_arja,B_verbal_adjusted,EMM contrast SE,group diff at T3,0.2267351663533,0.2267351651991543,1.1541456956809526e-09,5.090280939845725e-09
JAST_arja,B_verbal_adjusted,EMM contrast df (Satterthwaite),group diff at T3,67.997918778945,68.00020531319281,0.0022865342478013417,3.3626532824256795e-05
JAST_arja,B_verbal_adjusted,EMM contrast p,group diff at T3,0.0092863969678173,0.009286330638768,6.632904930164996e-08,7.1426032649172986e-06
JAST_arja,B_verbal_adjusted,EMM contrast CI lower,group diff at T3,0.1546729897597,0.1546732676759271,2.7791622708717156e-07,1.7967987010462672e-06
JAST_arja,B_verbal_adjusted,EMM contrast CI upper,group diff at T3,1.05955945149,1.0595591738405743,2.7764942567287676e-07,2.6204232833035816e-07
JAST_aija,A_unadjusted,EMM contrast estimate,group diff at T1,0.078571428571424,0.0785714285714282,4.191091917959966e-15,5.3341169864948124e-14
JAST_aija,A_unadjusted,EMM contrast SE,group diff at T1,0.33719391027701,0.337193910216209,6.080103087668931e-11,1.803147358940745e-10
JAST_aija,A_unadjusted,EMM contrast df (Satterthwaite),group diff at T1,71.966674865961,71.96846269651024,0.00178783054924736,2.484247816891945e-05
JAST_aija,A_unadjusted,EMM contrast p,group diff at T1,0.81641078769755,0.8164107712636941,1.643385594274349e-08,2.0129395875684616e-08
JAST_aija,A_unadjusted,EMM contrast CI lower,group diff at T1,-0.59361766438405,-0.5936173788395966,2.855444533045315e-07,4.810241851559763e-07
JAST_aija,A_unadjusted,EMM contrast CI upper,group diff at T1,0.75076052152689,0.7507602359824532,2.855444367622084e-07,3.8034023976310145e-07
JAST_aija,A_unadjusted,EMM contrast estimate,group diff at T2,1.4473352507804,1.4473352499909211,7.89478926677134e-10,5.454706684242291e-10
JAST_aija,A_unadjusted,EMM contrast SE,group diff at T2,0.34525355200137,0.3452535520973452,9.597522776516598e-11,2.779847657144021e-10
JAST_aija,A_unadjusted,EMM contrast df (Satterthwaite),group diff at T2,76.100287219719,76.10211370219851,0.0018264824795153345,2.400099324516162e-05
JAST_aija,A_unadjusted,EMM contrast p,group diff at T2,7.3853937648507e-05,7.385241640583213e-05,1.5212426748655418e-09,2.059799007746332e-05
JAST_aija,A_unadjusted,EMM contrast CI lower,group diff at T2,0.75971786223111,0.7597181277792566,2.655481465829723e-07,3.495352153536588e-07
JAST_aija,A_unadjusted,EMM contrast CI upper,group diff at T2,2.1349526393297,2.1349523722025854,2.671271146503784e-07,1.2512086204134577e-07
JAST_aija,A_unadjusted,EMM contrast estimate,group diff at T3,1.417920457881,1.4179204586788217,7.978215865733773e-10,5.626701992618651e-10
JAST_aija,A_unadjusted,EMM contrast SE,group diff at T3,0.33999073370118,0.3399907336951851,5.994871266068458e-12,1.7632454863718104e-11
JAST_aija,A_unadjusted,EMM contrast df (Satterthwaite),group diff at T3,73.419302205331,73.42110502965569,0.001802824324698804,2.4555181955514425e-05
JAST_aija,A_unadjusted,EMM contrast p,group diff at T3,8.2273929022067e-05,8.227217625664008e-05,1.75276542692599e-09,2.1304019970358705e-05
JAST_aija,A_unadjusted,EMM contrast CI lower,group diff at T3,0.74038509167963,0.7403853711404972,2.794608672251897e-07,3.774533960309866e-07
JAST_aija,A_unadjusted,EMM contrast CI upper,group diff at T3,2.0954558240824,2.095455546217146,2.778652539170423e-07,1.3260372789711256e-07
JAST_aija,B_verbal_adjusted,EMM contrast estimate,group diff at T1,0.08604572871767,0.086045728716237,1.4329926134593052e-12,1.6653849468358698e-11
JAST_aija,B_verbal_adjusted,EMM contrast SE,group diff at T1,0.33122588074772,0.331225881723711,9.759909547213397e-10,2.946602338313981e-09
JAST_aija,B_verbal_adjusted,EMM contrast df (Satterthwaite),group diff at T1,71.726540897466,71.7266604461031,0.00011954863710172958,1.6667280424498079e-06
JAST_aija,B_verbal_adjusted,EMM contrast p,group diff at T1,0.7957780072131,0.7957780065665299,6.465701307689642e-10,8.125006282007242e-10
JAST_aija,B_verbal_adjusted,EMM contrast CI lower,group diff at T1,-0.57428400816803,-0.5742839912391564,1.6928873636246067e-08,2.947822574800453e-08
JAST_aija,B_verbal_adjusted,EMM contrast CI upper,group diff at T1,0.74637546560337,0.7463754486716305,1.6931739454939532e-08,2.268528406309807e-08
JAST_aija,B_verbal_adjusted,EMM contrast estimate,group diff at T2,1.4596963024714,1.4596963027795855,3.0818547713806765e-10,2.1112986079109834e-10
JAST_aija,B_verbal_adjusted,EMM contrast SE,group diff at T2,0.33945727029849,0.3394572712219198,9.234298325999646e-10,2.720312432218578e-09
JAST_aija,B_verbal_adjusted,EMM contrast df (Satterthwaite),group diff at T2,75.926152374321,75.9262727155617,0.00012034124068804886,1.5849774672468387e-06
JAST_aija,B_verbal_adjusted,EMM contrast p,group diff at T2,5.0157427032404e-05,5.0157354643255146e-05,7.238914885408657e-11,1.4432388808006412e-06
JAST_aija,B_verbal_adjusted,EMM contrast CI lower,group diff at T2,0.78359792062084,0.7835979364365706,1.5815730614043844e-08,2.0183477007587175e-08
JAST_aija,B_verbal_adjusted,EMM contrast CI upper,group diff at T2,2.1357946843219,2.1357946691226006,1.5199299152612866e-08,7.116460802241644e-09
JAST_aija,B_verbal_adjusted,EMM contrast estimate,group diff at T3,1.4292323810344,1.4292323805898786,4.4452153069585165e-10,3.1102117234016997e-10
JAST_aija,B_verbal_adjusted,EMM contrast SE,group diff at T3,0.33408264686208,0.3340826478196781,9.575981119169796e-10,2.8663509491180088e-09
JAST_aija,B_verbal_adjusted,EMM contrast df (Satterthwaite),group diff at T3,73.201361055595,73.20148082465549,0.00011976906048971614,1.6361589287766642e-06
JAST_aija,B_verbal_adjusted,EMM contrast p,group diff at T3,5.6199663541342e-05,5.61995794062158e-05,8.413512620023553e-11,1.4970752651987577e-06
JAST_aija,B_verbal_adjusted,EMM contrast CI lower,group diff at T3,0.76343748070021,0.7634374966481146,1.594790455250461e-08,2.088960125179799e-08
JAST_aija,B_verbal_adjusted,EMM contrast CI upper,group diff at T3,2.0950272813686,2.095027264531643,1.6836957161814325e-08,8.036629074737105e-09
GARS_rr,A_unadjusted,EMM contrast estimate,group diff at T1,-0.64285714285748,-0.6428571428571637,3.163025397157071e-13,4.920261728908419e-13
GARS_rr,A_unadjusted,EMM contrast SE,group diff at T1,1.8417519473327,1.8417519253564356,2.1976264363843256e-08,1.1932260691061125e-08
GARS_rr,A_unadjusted,EMM contrast df (Satterthwaite),group diff at T1,53.266023187895,53.26832958317054,0.00230639527553933,4.329955828321479e-05
GARS_rr,A_unadjusted,EMM contrast p,group diff at T1,0.72843043901963,0.7284303764907802,6.252884976465367e-08,8.584052287656889e-08
GARS_rr,A_unadjusted,EMM contrast CI lower,group diff at T1,-4.3365131106964,-4.336509352376246,3.758320153757211e-06,8.666686939068571e-07
GARS_rr,A_unadjusted,EMM contrast CI upper,group diff at T1,3.0507988249815,3.0507950666619186,3.7583195813262193e-06,1.2319132781064349e-06
GARS_rr,A_unadjusted,EMM contrast estimate,group diff at T2,-6.3747334091373,-6.374733409187076,4.977618317525412e-11,7.808355264536527e-12
GARS_rr,A_unadjusted,EMM contrast SE,group diff at T2,1.8652894734831,1.865289451214724,2.22683760320308e-08,1.1938295019940537e-08
GARS_rr,A_unadjusted,EMM contrast df (Satterthwaite),group diff at T2,55.52835129612,55.53073601167706,0.0023847155570564382,4.29459096370302e-05
GARS_rr,A_unadjusted,EMM contrast p,group diff at T2,0.0011893451444686,0.001189316426121,2.8718347599944113e-08,2.4146352918248545e-05
GARS_rr,A_unadjusted,EMM contrast CI lower,group diff at T2,-10.112057743869,-10.112054126863953,3.6170050474737536e-06,3.5769228569395435e-07
GARS_rr,A_unadjusted,EMM contrast CI upper,group diff at T2,-2.637409074406,-2.637412691510201,3.6171042010479937e-06,1.371461195060399e-06
GARS_rr,A_unadjusted,EMM contrast estimate,group diff at T3,-6.8542161097708,-6.854216109818541,4.774136641572113e-11,6.9652554940111994e-12
GARS_rr,A_unadjusted,EMM contrast SE,group diff at T3,1.8583436297368,1.8583436075547453,2.218205463755396e-08,1.1936465507563658e-08
GARS_rr,A_unadjusted,EMM contrast df (Satterthwaite),group diff at T3,54.821825840211,54.82418631591037,0.0023604756993691467,4.305722516884457e-05
GARS_rr,A_unadjusted,EMM contrast p,group diff at T3,0.00051971632997908,0.0005197000845614,1.6245417680028386e-08,3.125823981840691e-05
GARS_rr,A_unadjusted,EMM contrast CI lower,group diff at T3,-10.578692045856,-10.578688385091231,3.660764768653735e-06,3.460507927431132e-07
GARS_rr,A_unadjusted,EMM contrast CI upper,group diff at T3,-3.1297401736856,-3.1297438345458506,3.660860250498388e-06,1.169701012652222e-06
GARS_rr,B_verbal_adjusted,EMM contrast estimate,group diff at T1,-0.72820836797195,-0.7282083680251876,5.323763652143043e-11,7.310769672929809e-11
GARS_rr,B_verbal_adjusted,EMM contrast SE,group diff at T1,1.6694658157484,1.669465833616149,1.786774905809807e-08,1.0702674406117259e-08
GARS_rr,B_verbal_adjusted,EMM contrast df (Satterthwaite),group diff at T1,55.620646052441,55.62491440781356,0.00426835537255954,7.674048533228456e-05
GARS_rr,B_verbal_adjusted,EMM contrast p,group diff at T1,0.66438555498215,0.6643854291169706,1.2586517939006114e-07,1.8944599027810403e-07
GARS_rr,B_verbal_adjusted,EMM contrast CI lower,group diff at T1,-4.0730536931306,-4.073048025614969,5.667515631024855e-06,1.3914659756593417e-06
GARS_rr,B_verbal_adjusted,EMM contrast CI upper,group diff at T1,2.6166369571867,2.6166312895645936,5.667622106297898e-06,2.165994824284486e-06
GARS_rr,B_verbal_adjusted,EMM contrast estimate,group diff at T2,-6.4674342009724,-6.46743420567728,4.7048791529391565e-09,7.274722875776243e-10
GARS_rr,B_verbal_adjusted,EMM contrast SE,group diff at T2,1.6949436277383,1.6949436446371944,1.6898894283912114e-08,9.970180723037775e-09
GARS_rr,B_verbal_adjusted,EMM contrast df (Satterthwaite),group diff at T2,58.278023061281,58.28250390110944,0.004480839828445937,7.688729975850771e-05
GARS_rr,B_verbal_adjusted,EMM contrast p,group diff at T2,0.00033076675181177,0.000330747189771,1.9562040769964106e-08,5.914149672787037e-05
GARS_rr,B_verbal_adjusted,EMM contrast CI lower,group diff at T2,-9.8598879126408,-9.859882425074913,5.487565887918322e-06,5.565545913440888e-07
GARS_rr,B_verbal_adjusted,EMM contrast CI upper,group diff at T2,-3.074980489304,-3.074985986279649,5.496975648888736e-06,1.7876456998700948e-06
GARS_rr,B_verbal_adjusted,EMM contrast estimate,group diff at T3,-6.9188688126787,-6.918868818938295,6.2595946204169195e-09,9.047135868433186e-10
GARS_rr,B_verbal_adjusted,EMM contrast SE,group diff at T3,1.6872494340458,1.6872494512620029,1.7216202907732736e-08,1.0203709398467878e-08
GARS_rr,B_verbal_adjusted,EMM contrast df (Satterthwaite),group diff at T3,57.417099986973,57.42151231370936,0.004412326736357386,7.684691036918393e-05
GARS_rr,B_verbal_adjusted,EMM contrast p,group diff at T3,0.00013129099321401,0.0001312811111767,9.882037310004381e-09,7.526820437633702e-05
GARS_rr,B_verbal_adjusted,EMM contrast CI lower,group diff at T3,-10.296995681491,-10.296990138224103,5.543266896168575e-06,5.383382753216725e-07
GARS_rr,B_verbal_adjusted,EMM contrast CI upper,group diff at T3,-3.5407419438666,-3.5407474996524853,5.555785885125175e-06,1.5691021749690362e-06
GARS_si,A_unadjusted,EMM contrast estimate,group diff at T1,1.0,0.999999999999902,9.803269307440132e-14,9.803269307440132e-14
GARS_si,A_unadjusted,EMM contrast SE,group diff at T1,2.0154861197839,2.015486133474954,1.3691054068232233e-08,6.792928978196181e-09
GARS_si,A_unadjusted,EMM contrast df (Satterthwaite),group diff at T1,46.35517034391,46.35724384281282,0.0020734989028241557,4.473069319864048e-05
GARS_si,A_unadjusted,EMM contrast p,group diff at T1,0.62212729944167,0.6221271972965148,1.0214515522299905e-07,1.6418690405431417e-07
GARS_si,A_unadjusted,EMM contrast CI lower,group diff at T1,-3.0561244835795,-3.056119653727836,4.829851663945561e-06,1.5803844672873322e-06
GARS_si,A_unadjusted,EMM contrast CI upper,group diff at T1,5.0561244835795,5.05611965372764,4.829851859788903e-06,9.552478139085677e-07
GARS_si,A_unadjusted,EMM contrast estimate,group diff at T2,-3.2598164961648,-3.2598164977039734,1.5391732333114305e-09,4.721656065984941e-10
GARS_si,A_unadjusted,EMM contrast SE,group diff at T2,2.0316609821779,2.0316609956335325,1.3455632608128099e-08,6.622971414110601e-09
GARS_si,A_unadjusted,EMM contrast df (Satterthwaite),group diff at T2,47.734450611419,47.73658912260135,0.0021385111823519765,4.480016329842086e-05
GARS_si,A_unadjusted,EMM contrast p,group diff at T2,0.11519880499035,0.1151985125320921,2.9245825790280566e-07,2.5387264904987894e-06
GARS_si,A_unadjusted,EMM contrast CI lower,group diff at T2,-7.3453318359274,-7.345327109340904,4.72658649641744e-06,6.434816836046556e-07
GARS_si,A_unadjusted,EMM contrast CI upper,group diff at T2,0.82569884359774,0.8256941139329572,4.729664782820997e-06,5.728074853796419e-06
GARS_si,A_unadjusted,EMM contrast estimate,group diff at T3,-3.5923485508833,-3.592348552297884,1.4145840054879955e-09,3.9377693602147045e-10
GARS_si,A_unadjusted,EMM contrast SE,group diff at T3,2.0269733074924,2.02697332101912,1.3526720188394847e-08,6.6733588145415504e-09
GARS_si,A_unadjusted,EMM contrast df (Satterthwaite),group diff at T3,47.320379181354,47.32249818908689,0.002119007732893863,4.478002436905305e-05
GARS_si,A_unadjusted,EMM contrast p,group diff at T3,0.082787426432471,0.0827871398818745,2.865505965010673e-07,3.46128160820175e-06
GARS_si,A_unadjusted,EMM contrast CI lower,group diff at T3,-7.6693642215345,-7.66935946448068,4.757053820192425e-06,6.202670368471071e-07
GARS_si,A_unadjusted,EMM contrast CI upper,group diff at T3,0.48466711976795,0.4846623598849127,4.75988303733077e-06,9.82093243628682e-06
GARS_si,B_verbal_adjusted,EMM contrast estimate,group diff at T1,0.90718639760718,0.907186397708653,1.014729411608073e-10,1.1185456641375482e-10
GARS_si,B_verbal_adjusted,EMM contrast SE,group diff at T1,1.8293114386121,1.8293114070954573,3.151664285105937e-08,1.722869172838665e-08
GARS_si,B_verbal_adjusted,EMM contrast df (Satterthwaite),group diff at T1,47.208452875898,47.21119031491226,0.002737439014261156,5.798620474721678e-05
GARS_si,B_verbal_adjusted,EMM contrast p,group diff at T1,0.62225405928798,0.6222539203002926,1.3898768747022672e-07,2.233616404676647e-07
GARS_si,B_verbal_adjusted,EMM contrast CI lower,group diff at T1,-2.7724846336834,-2.772478963606697,5.670076702823934e-06,2.0451246632486913e-06
GARS_si,B_verbal_adjusted,EMM contrast CI upper,group diff at T1,4.5868574288978,4.586851759024004,5.6698737962435075e-06,1.2361129344292594e-06
GARS_si,B_verbal_adjusted,EMM contrast estimate,group diff at T2,-3.3553456226757,-3.3553456200062914,2.6694086940892703e-09,7.955689202474964e-10
GARS_si,B_verbal_adjusted,EMM contrast SE,group diff at T2,1.8469610987067,1.846961067540424,3.116627600441291e-08,1.687435432518666e-08
GARS_si,B_verbal_adjusted,EMM contrast df (Satterthwaite),group diff at T2,48.849497599717,48.8523267472924,0.0028291475754045337,5.7915592061706773e-05
GARS_si,B_verbal_adjusted,EMM contrast p,group diff at T2,0.075403426975613,0.0754030663661294,3.6060948360727707e-07,4.782401782930973e-06
GARS_si,B_verbal_adjusted,EMM contrast CI lower,group diff at T2,-7.0672421804493,-7.067236660602696,5.519846603796452e-06,7.810467595219056e-07
GARS_si,B_verbal_adjusted,EMM contrast CI upper,group diff at T2,0.35655093509801,0.356545420590113,5.514507896986487e-06,1.5466255600958216e-05
GARS_si,B_verbal_adjusted,EMM contrast estimate,group diff at T3,-3.6711609054803,-3.671160902331368,3.1489322260824792e-09,8.577483545822688e-10
GARS_si,B_verbal_adjusted,EMM contrast SE,group diff at T3,1.8417511106147,1.8417510793378515,3.1276848444505845e-08,1.698212546974761e-08
GARS_si,B_verbal_adjusted,EMM contrast df (Satterthwaite),group diff at T3,48.343539587052,48.34634056750848,0.0028009804564774754,5.793908514774269e-05
GARS_si,B_verbal_adjusted,EMM contrast p,group diff at T3,0.051888246212556,0.0518879120440682,3.341684877977702e-07,6.44015768867724e-06
GARS_si,B_verbal_adjusted,EMM contrast CI lower,group diff at T3,-7.3735700008834,-7.373564433727351,5.567156049046673e-06,7.550150128607571e-07
GARS_si,B_verbal_adjusted,EMM contrast CI upper,group diff at T3,0.031248189922838,0.0312426290646166,5.5608582213984015e-06,0.00017795777083824628
GARS_sc,A_unadjusted,EMM contrast estimate,group diff at T1,-0.87445887445831,-0.8744588744588953,5.8519855627992e-13,6.692122103997464e-13
GARS_sc,A_unadjusted,EMM contrast SE,group diff at T1,1.221900586964,1.221900597059881,1.0095881020077968e-08,8.262440600967986e-09
GARS_sc,A_unadjusted,EMM contrast df (Satterthwaite),group diff at T1,47.970572558837,47.97160462957476,0.0010320707377644567,2.151466373470107e-05
GARS_sc,A_unadjusted,EMM contrast p,group diff at T1,0.47767377660829,0.4776737058974004,7.071088964361039e-08,1.4803175955291326e-07
GARS_sc,A_unadjusted,EMM contrast CI lower,group diff at T1,-3.3312936005544,-3.331292254488764,1.3460656358432743e-06,4.040669473321894e-07
GARS_sc,A_unadjusted,EMM contrast CI upper,group diff at T1,1.5823758516378,1.5823745055709733,1.3460668266684905e-06,8.506618862233499e-07
GARS_sc,A_unadjusted,EMM contrast estimate,group diff at T2,-2.8694597728958,-2.8694597752244797,2.32867991556418e-09,8.115394882201552e-10
GARS_sc,A_unadjusted,EMM contrast SE,group diff at T2,1.2319504179964,1.2319504277449418,9.748541751619655e-09,7.913095859388834e-09
GARS_sc,A_unadjusted,EMM contrast df (Satterthwaite),group diff at T2,49.399251136391,49.40030740124134,0.0010562648503409378,2.1382203698282745e-05
GARS_sc,A_unadjusted,EMM contrast p,group diff at T2,0.023980409014548,0.0239803191477388,8.986680919906287e-08,3.747509441750727e-06
GARS_sc,A_unadjusted,EMM contrast CI lower,group diff at T2,-5.3446508121195,-5.344649506427267,1.3056922334442334e-06,2.442988848744717e-07
GARS_sc,A_unadjusted,EMM contrast CI upper,group diff at T2,-0.39426873367225,-0.3942700440216913,1.3103494412858296e-06,3.3234931643732737e-06
GARS_sc,A_unadjusted,EMM contrast estimate,group diff at T3,-2.261406644359,-2.261406646905778,2.546777899681274e-09,1.1261919239664935e-09
GARS_sc,A_unadjusted,EMM contrast SE,group diff at T3,1.2290357404621,1.2290357503151428,9.853042826080127e-09,8.016888770358723e-09
GARS_sc,A_unadjusted,EMM contrast df (Satterthwaite),group diff at T3,48.969830567117,48.97087958651864,0.0010490194016412602,2.1421748645903453e-05
GARS_sc,A_unadjusted,EMM contrast p,group diff at T3,0.071835429217211,0.0718353008850219,1.2833218911156852e-07,1.7864748705478813e-06
GARS_sc,A_unadjusted,EMM contrast CI lower,group diff at T3,-4.7312849231504,-4.731283606377048,1.316773352577627e-06,2.783119964165745e-07
GARS_sc,A_unadjusted,EMM contrast CI upper,group diff at T3,0.20847163443239,0.2084703125654914,1.321866898607027e-06,6.340751835165015e-06
GARS_sc,B_verbal_adjusted,EMM contrast estimate,group diff at T1,-0.91887703624234,-0.9188770362524376,1.0097589431268261e-11,1.0989054065994935e-11
GARS_sc,B_verbal_adjusted,EMM contrast SE,group diff at T1,1.1582176622299,1.1582176653888685,3.1589684201804857e-09,2.7274393433947197e-09
GARS_sc,B_verbal_adjusted,EMM contrast df (Satterthwaite),group diff at T1,47.817221127387,47.8198428963068,0.0026217689198020366,5.4828968685100684e-05
GARS_sc,B_verbal_adjusted,EMM contrast p,group diff at T1,0.43149062653862,0.4314904138641767,2.1267444333394891e-07,4.928831132208008e-07
GARS_sc,B_verbal_adjusted,EMM contrast CI lower,group diff at T1,-3.2478597099994,-3.2478564047289837,3.3052704164759916e-06,1.0176764736173294e-06
GARS_sc,B_verbal_adjusted,EMM contrast CI upper,group diff at T1,1.4101056375147,1.410102332224108,3.305290592114929e-06,2.344002111742832e-06
GARS_sc,B_verbal_adjusted,EMM contrast estimate,group diff at T2,-2.9158047583267,-2.9158047599946784,1.6679782000039722e-09,5.720472865135109e-10
GARS_sc,B_verbal_adjusted,EMM contrast SE,group diff at T2,1.1687930709634,1.1687930738139656,2.8505655613741965e-09,2.4388966979625943e-09
GARS_sc,B_verbal_adjusted,EMM contrast df (Satterthwaite),group diff at T2,49.37677246001,49.37946664978137,0.0026941897713683716,5.4563910056097374e-05
GARS_sc,B_verbal_adjusted,EMM contrast p,group diff at T2,0.015998484045127,0.0159982912183913,1.9282673570028552e-07,1.2052812951300776e-05
GARS_sc,B_verbal_adjusted,EMM contrast CI lower,group diff at T2,-5.2641291161581,-5.264125907971279,3.208186820202741e-06,6.09443034053876e-07
GARS_sc,B_verbal_adjusted,EMM contrast CI upper,group diff at T2,-0.56748040049521,-0.5674836120180773,3.21152286730797e-06,5.659266583489835e-06
GARS_sc,B_verbal_adjusted,EMM contrast estimate,group diff at T3,-2.2991744479513,-2.2991744500976896,2.1463897326157166e-09,9.335480109081225e-10
GARS_sc,B_verbal_adjusted,EMM contrast SE,group diff at T3,1.1656774797221,1.1656774826668816,2.9447817517791464e-09,2.5262405794106866e-09
GARS_sc,B_verbal_adjusted,EMM contrast df (Satterthwaite),group diff at T3,48.898237015025,48.900909140347295,0.002672125322291663,5.4646659785926365e-05
GARS_sc,B_verbal_adjusted,EMM contrast p,group diff at T3,0.054233714383284,0.0542334027771612,3.1160612279368394e-07,5.745616473758022e-06
GARS_sc,B_verbal_adjusted,EMM contrast CI lower,group diff at T3,-4.6418143637043,-4.641811126922388,3.236781911830633e-06,6.973096419236354e-07
GARS_sc,B_verbal_adjusted,EMM contrast CI upper,group diff at T3,0.043465467801633,0.0434622267270081,3.2410746248975886e-06,7.456665690771241e-05
GARS_er,A_unadjusted,EMM contrast estimate,group diff at T1,0.52813852813835,0.5281385281386264,2.7633451082920146e-13,5.232235409964513e-13
GARS_er,A_unadjusted,EMM contrast SE,group diff at T1,1.6332656463481,1.63326563530262,1.1045479864080221e-08,6.76281895035101e-09
GARS_er,A_unadjusted,EMM contrast df (Satterthwaite),group diff at T1,50.756977151104,50.76119785827253,0.004220707168528293,8.315521146902045e-05
GARS_er,A_unadjusted,EMM contrast p,group diff at T1,0.74774849210081,0.74774838029699,1.118038199798832e-07,1.4952062245658134e-07
GARS_er,A_unadjusted,EMM contrast CI lower,group diff at T1,-2.7511602997846,-2.7511536248104465,6.674974153408897e-06,2.426239632031441e-06
GARS_er,A_unadjusted,EMM contrast CI upper,group diff at T1,3.8074373560613,3.807430681087699,6.67497360096192e-06,1.7531407549846112e-06
GARS_er,A_unadjusted,EMM contrast estimate,group diff at T2,-5.2820139086621,-5.282013909011447,3.4934632964223056e-10,6.613885076472995e-11
GARS_er,A_unadjusted,EMM contrast SE,group diff at T2,1.6513966538979,1.651396643230185,1.0667714933632055e-08,6.459813823924342e-09
GARS_er,A_unadjusted,EMM contrast df (Satterthwaite),group diff at T2,52.70865468525,52.71307105411116,0.0044163688611575935,8.378830549802424e-05
GARS_er,A_unadjusted,EMM contrast p,group diff at T2,0.0023383557414611,0.0023382635645589,9.217690219963381e-08,3.941953765428264e-05
GARS_er,A_unadjusted,EMM contrast CI lower,group diff at T2,-8.5947235781582,-8.594717041608986,6.5365492147861914e-06,7.605304760932097e-07
GARS_er,A_unadjusted,EMM contrast CI upper,group diff at T2,-1.969304239166,-1.969310776413907,6.537247907001387e-06,3.3195723530102744e-06
GARS_er,A_unadjusted,EMM contrast estimate,group diff at T3,-6.6560488072924,-6.656048806743664,5.487361676159708e-10,8.244172834411501e-11
GARS_er,A_unadjusted,EMM contrast SE,group diff at T3,1.6460813212582,1.6460813104735366,1.0784663384555415e-08,6.5517196782914965e-09
GARS_er,A_unadjusted,EMM contrast df (Satterthwaite),group diff at T3,52.107767837152,52.11212391336428,0.004356076212282289,8.359744416410172e-05
GARS_er,A_unadjusted,EMM contrast p,group diff at T3,0.00017445000123769,0.0001744353483734,1.4652864290003913e-08,8.399463563224186e-05
GARS_er,A_unadjusted,EMM contrast CI lower,group diff at T3,-9.958990033583,-9.95898345350314,6.58007985876452e-06,6.607175864797176e-07
GARS_er,A_unadjusted,EMM contrast CI upper,group diff at T3,-3.3531075810017,-3.353114159984187,6.57898248679345e-06,1.9620552958304006e-06
GARS_er,B_verbal_adjusted,EMM contrast estimate,group diff at T1,0.45237164634587,0.4523716463363705,9.49951228790269e-12,2.0999353882227275e-11
GARS_er,B_verbal_adjusted,EMM contrast SE,group diff at T1,1.4800406911522,1.4800406794493524,1.170284757989748e-08,7.907112047566007e-09
GARS_er,B_verbal_adjusted,EMM contrast df (Satterthwaite),group diff at T1,52.528406457903,52.53040740018911,0.002000942286109364,3.809257544701926e-05
GARS_er,B_verbal_adjusted,EMM contrast p,group diff at T1,0.76108060170239,0.7610805539852021,4.771718786766854e-08,6.269662866315923e-08
GARS_er,B_verbal_adjusted,EMM contrast CI lower,group diff at T1,-2.5168363189231,-2.51683363103568,2.6878874201941017e-06,1.0679627435383604e-06
GARS_er,B_verbal_adjusted,EMM contrast CI upper,group diff at T1,3.4215796116148,3.4215769237084204,2.6879063796947378e-06,7.855747008108316e-07
GARS_er,B_verbal_adjusted,EMM contrast estimate,group diff at T2,-5.3809874813844,-5.380987481094863,2.895372830380438e-10,5.3807462671062145e-11
GARS_er,B_verbal_adjusted,EMM contrast SE,group diff at T2,1.4997373009885,1.4997372889926983,1.199580168531611e-08,7.998601940092769e-09
GARS_er,B_verbal_adjusted,EMM contrast df (Satterthwaite),group diff at T2,54.838755793764,54.84085454135393,0.00209874758992612,3.827124739698743e-05
GARS_er,B_verbal_adjusted,EMM contrast p,group diff at T2,0.00071084341726006,0.0007108253685677,1.8048692359998002e-08,2.5390531756721524e-05
GARS_er,B_verbal_adjusted,EMM contrast CI lower,group diff at T2,-8.3867268450764,-8.386724227467338,2.6176090610618985e-06,3.121133082566794e-07
GARS_er,B_verbal_adjusted,EMM contrast CI upper,group diff at T2,-2.3752481176924,-2.375250734722388,2.6170299882721793e-06,1.101792258576622e-06
GARS_er,B_verbal_adjusted,EMM contrast estimate,group diff at T3,-6.7269756002137,-6.7269756004019285,1.8822898795178844e-10,2.7981220557096843e-11
GARS_er,B_verbal_adjusted,EMM contrast SE,group diff at T3,1.4938378192575,1.4938378073516354,1.190586451649267e-08,7.969984668356023e-09
GARS_er,B_verbal_adjusted,EMM contrast df (Satterthwaite),group diff at T3,54.103446105892,54.1055136981238,0.0020675922318034168,3.821553672859761e-05
GARS_er,B_verbal_adjusted,EMM contrast p,group diff at T3,3.607140964204e-05,3.606951829061575e-05,1.8913514242521246e-09,5.243353234656565e-05
GARS_er,B_verbal_adjusted,EMM contrast CI lower,group diff at T3,-9.7218089622416,-9.72180632263812,2.6396034797926404e-06,2.715136133660474e-07
GARS_er,B_verbal_adjusted,EMM contrast CI upper,group diff at T3,-3.7321422381857,-3.732144878165738,2.6399800376886162e-06,7.073631896119761e-07
ACSF_tp,A_unadjusted,EMM contrast estimate,group diff at T1,0.20995670995672,0.209956709956711,8.992806499463768e-15,4.283171755414497e-14
ACSF_tp,A_unadjusted,EMM contrast SE,group diff at T1,0.22349489444108,0.2234948923596163,2.081463695846608e-09,9.313249419195769e-09
ACSF_tp,A_unadjusted,EMM contrast df (Satterthwaite),group diff at T1,50.291286361701,50.29322715559682,0.0019407938958195814,3.859105694495777e-05
ACSF_tp,A_unadjusted,EMM contrast p,group diff at T1,0.35200282152812,0.3520026446387571,1.7688936293502877e-07,5.025225711746115e-07
ACSF_tp,A_unadjusted,EMM contrast CI lower,group diff at T1,-0.23888158494147,-0.2388811541575177,4.307839522876833e-07,1.803336797155095e-06
ACSF_tp,A_unadjusted,EMM contrast CI upper,group diff at T1,0.65879500485491,0.6587945740709398,4.307839702732963e-07,6.53896837557489e-07
ACSF_tp,A_unadjusted,EMM contrast estimate,group diff at T2,-0.038720914784058,-0.038720914750203,3.3855002135041445e-11,8.743337373057124e-10
ACSF_tp,A_unadjusted,EMM contrast SE,group diff at T2,0.22603084516484,0.2260308430746792,2.0901608221990386e-09,9.247237122326044e-09
ACSF_tp,A_unadjusted,EMM contrast df (Satterthwaite),group diff at T2,52.281611048292,52.283608483050415,0.001997434758415295,3.820530236855717e-05
ACSF_tp,A_unadjusted,EMM contrast p,group diff at T2,0.86464283249909,0.8646428061766178,2.632247220191175e-08,3.044317400496054e-08
ACSF_tp,A_unadjusted,EMM contrast CI lower,group diff at T2,-0.49222684310786,-0.4922264287531465,4.143547135404546e-07,8.417962558162608e-07
ACSF_tp,A_unadjusted,EMM contrast CI upper,group diff at T2,0.41478501353974,0.4147845992527404,4.142869995948928e-07,9.987993444107413e-07
ACSF_tp,A_unadjusted,EMM contrast estimate,group diff at T3,-0.045970006826933,-0.0459700068191137,7.819300762434978e-12,1.7009570592131801e-10
ACSF_tp,A_unadjusted,EMM contrast SE,group diff at T3,0.22528669393067,0.2252866918428716,2.0877984063805144e-09,9.267295684240526e-09
ACSF_tp,A_unadjusted,EMM contrast df (Satterthwaite),group diff at T3,51.667355036705,51.66933522080365,0.0019801840986559682,3.8325633221387587e-05
ACSF_tp,A_unadjusted,EMM contrast p,group diff at T3,0.8391151566337,0.8391151245494375,3.2084262469034286e-08,3.8235827604100914e-08
ACSF_tp,A_unadjusted,EMM contrast CI lower,group diff at T3,-0.49811012009563,-0.4981097007322273,4.193634026705695e-07,8.41909019214582e-07
ACSF_tp,A_unadjusted,EMM contrast CI upper,group diff at T3,0.40617010644177,0.4061696870939997,4.1934777028629355e-07,1.0324437068004974e-06
ACSF_tp,B_verbal_adjusted,EMM contrast estimate,group diff at T1,0.19629173751629,0.1962917375270385,1.0748485435030375e-11,5.475770692660139e-11
ACSF_tp,B_verbal_adjusted,EMM contrast SE,group diff at T1,0.18296335766379,0.1829633585562973,8.925073180510168e-10,4.878065911378121e-09
ACSF_tp,B_verbal_adjusted,EMM contrast df (Satterthwaite),group diff at T1,56.231826636847,56.23325217498737,0.0014255381403671663,2.535109075459154e-05
ACSF_tp,B_verbal_adjusted,EMM contrast p,group diff at T1,0.28792231388731,0.2879222005598372,1.1332747279491073e-07,3.9360434161857286e-07
ACSF_tp,B_verbal_adjusted,EMM contrast CI lower,group diff at T1,-0.17019456860168,-0.1701943662220385,2.0237964148961396e-07,1.1891075206004914e-06
ACSF_tp,B_verbal_adjusted,EMM contrast CI upper,group diff at T1,0.56277804363426,0.5627778412761156,2.0235814435221045e-07,3.595700767667468e-07
ACSF_tp,B_verbal_adjusted,EMM contrast estimate,group diff at T2,-0.05453371306502,-0.054533712968092,9.692800034821758e-11,1.7773959428115832e-09
ACSF_tp,B_verbal_adjusted,EMM contrast SE,group diff at T2,0.18593215763794,0.185932158619091,9.811509937840412e-10,5.276930070884277e-09
ACSF_tp,B_verbal_adjusted,EMM contrast df (Satterthwaite),group diff at T2,59.054114616281,59.05561824311577,0.0015036268347685677,2.5461847062457244e-05
ACSF_tp,B_verbal_adjusted,EMM contrast p,group diff at T2,0.7703218801659,0.7703218556204876,2.4545412369292308e-08,3.186383900195863e-08
ACSF_tp,B_verbal_adjusted,EMM contrast CI lower,group diff at T2,-0.42657596787741,-0.4265757717297655,1.9614764446007626e-07,4.598187878142387e-07
ACSF_tp,B_verbal_adjusted,EMM contrast CI upper,group diff at T2,0.31750854174737,0.3175083457935814,1.9595378858427992e-07,6.171606833185396e-07
ACSF_tp,B_verbal_adjusted,EMM contrast estimate,group diff at T3,-0.058835088653781,-0.0588350885850945,6.868650093139195e-11,1.167441105350962e-09
ACSF_tp,B_verbal_adjusted,EMM contrast SE,group diff at T3,0.1850318122392,0.1850318131918571,9.52657092101461e-10,5.1486124497873526e-09
ACSF_tp,B_verbal_adjusted,EMM contrast df (Satterthwaite),group diff at T3,58.130952192122,58.13243025923647,0.0014780671144691837,2.5426507888331025e-05
ACSF_tp,B_verbal_adjusted,EMM contrast p,group diff at T3,0.75164502870821,0.7516450013215853,2.7386624745773247e-08,3.6435582887896386e-08
ACSF_tp,B_verbal_adjusted,EMM contrast CI lower,group diff at T3,-0.42919873851492,-0.4291985403177648,1.9819715524338477e-07,4.6178410479297097e-07
ACSF_tp,B_verbal_adjusted,EMM contrast CI upper,group diff at T3,0.31152856120736,0.3115283631475756,1.9805978440645688e-07,6.357676600786022e-07
ACSF_cc,A_unadjusted,EMM contrast estimate,group diff at T1,0.19264069264069,0.1926406926406853,4.690692279041286e-15,2.434943632491128e-14
ACSF_cc,A_unadjusted,EMM contrast SE,group diff at T1,0.23445547675273,0.2344554795620711,2.8093410930907226e-09,1.1982407628095684e-08
ACSF_cc,A_unadjusted,EMM contrast df (Satterthwaite),group diff at T1,51.880103594504,51.88109752836776,0.0009939338637607875,1.9158286026747285e-05
ACSF_cc,A_unadjusted,EMM contrast p,group diff at T1,0.41503534811794,0.415035281940684,6.617725600843727e-08,1.5944968617379495e-07
ACSF_cc,A_unadjusted,EMM contrast CI lower,group diff at T1,-0.27785452203306,-0.2778543126131833,2.0941987671774243e-07,7.537033235429042e-07
ACSF_cc,A_unadjusted,EMM contrast CI upper,group diff at T1,0.66313590731444,0.663135697894554,2.0941988609912698e-07,3.1580236236525506e-07
ACSF_cc,A_unadjusted,EMM contrast estimate,group diff at T2,-0.31920970499491,-0.3192097053762853,3.8137526470194416e-10,1.1947483385820785e-09
ACSF_cc,A_unadjusted,EMM contrast SE,group diff at T2,0.2373954746823,0.237395477458057,2.7757570131292653e-09,1.1692543915775929e-08
ACSF_cc,A_unadjusted,EMM contrast df (Satterthwaite),group diff at T2,54.091027110767,54.09206606889591,0.0010389581289089733,1.9207587365301946e-05
ACSF_cc,A_unadjusted,EMM contrast p,group diff at T2,0.18435552844663,0.1843554257099763,1.0273665371207663e-07,5.572746018398813e-07
ACSF_cc,A_unadjusted,EMM contrast CI lower,group diff at T2,-0.7951406323799,-0.7951404293294756,2.0305042436330467e-07,2.553641659030347e-07
ACSF_cc,A_unadjusted,EMM contrast CI upper,group diff at T2,0.15672122239007,0.156721018576905,2.0381316498396806e-07,1.3004822312876616e-06
ACSF_cc,A_unadjusted,EMM contrast estimate,group diff at T3,-0.29861606690931,-0.2986160671978766,2.8856661504761405e-10,9.663465801900474e-10
ACSF_cc,A_unadjusted,EMM contrast SE,group diff at T3,0.23652871948344,0.236528722270105,2.786664982101783e-09,1.178150792084631e-08
ACSF_cc,A_unadjusted,EMM contrast df (Satterthwaite),group diff at T3,53.401665763625,53.40269068021424,0.00102491658924464,1.9192595859861186e-05
ACSF_cc,A_unadjusted,EMM contrast p,group diff at T3,0.21225663256287,0.2122565326869641,9.987590590676554e-08,4.705431566534558e-07
ACSF_cc,A_unadjusted,EMM contrast CI lower,group diff at T3,-0.77294931358264,-0.7729491085820926,2.0500054731531492e-07,2.652186161666049e-07
ACSF_cc,A_unadjusted,EMM contrast CI upper,group diff at T3,0.17571717976402,0.1757169741863393,2.0557768068418802e-07,1.1699350112508595e-06
ACSF_cc,B_verbal_adjusted,EMM contrast estimate,group diff at T1,0.18142580162953,0.1814258016260059,3.5240976803407875e-12,1.9424456988410977e-11
ACSF_cc,B_verbal_adjusted,EMM contrast SE,group diff at T1,0.21098261454787,0.2109826150045282,4.566581834897221e-10,2.1644351335219167e-09
ACSF_cc,B_verbal_adjusted,EMM contrast df (Satterthwaite),group diff at T1,54.671061893394,54.67282767240111,0.0017657790071154977,3.22982387018325e-05
ACSF_cc,B_verbal_adjusted,EMM contrast p,group diff at T1,0.39359451989693,0.393594400143373,1.1975355701521195e-07,3.042561594774532e-07
ACSF_cc,B_verbal_adjusted,EMM contrast CI lower,group diff at T1,-0.24144999480517,-0.2414496868526451,3.07952524897237e-07,1.2754298261456955e-06
ACSF_cc,B_verbal_adjusted,EMM contrast CI upper,group diff at T1,0.60430159806423,0.604301290104657,3.079595729538198e-07,5.096123755758915e-07
ACSF_cc,B_verbal_adjusted,EMM contrast estimate,group diff at T2,-0.33062290430332,-0.3306229044574,1.5408002651540187e-10,4.660294991966008e-10
ACSF_cc,B_verbal_adjusted,EMM contrast SE,group diff at T2,0.21417927465877,0.2141792750927692,4.339991976909374e-10,2.026336107367924e-09
ACSF_cc,B_verbal_adjusted,EMM contrast df (Satterthwaite),group diff at T2,57.306787435862,57.30862245537105,0.0018350195090519605,3.202098025658343e-05
ACSF_cc,B_verbal_adjusted,EMM contrast p,group diff at T2,0.12817206848159,0.1281718933651232,1.7511646679957416e-07,1.3662607530183304e-06
ACSF_cc,B_verbal_adjusted,EMM contrast CI lower,group diff at T2,-0.75945974939035,-0.7594594544477763,2.9494257369755417e-07,3.883584007372568e-07
ACSF_cc,B_verbal_adjusted,EMM contrast CI upper,group diff at T2,0.098213940783706,0.0982136455329761,2.9525072990643775e-07,3.0061998077916526e-06
ACSF_cc,B_verbal_adjusted,EMM contrast estimate,group diff at T3,-0.30711690198666,-0.307116902135905,1.492450052431593e-10,4.859550362670758e-10
ACSF_cc,B_verbal_adjusted,EMM contrast SE,group diff at T3,0.21321435271451,0.213214353155932,4.4142201005570314e-10,2.0703203346106766e-09
ACSF_cc,B_verbal_adjusted,EMM contrast df (Satterthwaite),group diff at T3,56.453402821032,56.4552156674663,0.00181284643429791,3.2112261506095167e-05
ACSF_cc,B_verbal_adjusted,EMM contrast p,group diff at T3,0.15527361600395,0.1552734400154284,1.759885216168211e-07,1.1334090500754753e-06
ACSF_cc,B_verbal_adjusted,EMM contrast CI lower,group diff at T3,-0.73416088827561,-0.7341605891809158,2.9909469423383683e-07,4.073966606098393e-07
ACSF_cc,B_verbal_adjusted,EMM contrast CI upper,group diff at T3,0.11992708430229,0.1199267849091056,2.993931843969788e-07,2.4964601294093323e-06
